anilist_id,name,group,status,coverage_ratio,reason,rows,parsed_rows,unique_group_episodes,unique_title_episodes,group_episode_min,group_episode_max,title_episode_min,title_episode_max,biggest_group_span_size,group_spans,examples,unparsed_examples
158871,Pocket Monsters (2023),Fumi-Raws,possible_gave_up,0.022,starts near beginning and stops well before merged end,6,6,3,139,1,5,1,139,2,"1, 4-5",[Fumi-Raws] (Pokemon) (04) - New Pocket Monster series (TVQ 1920x1080 AAC).ass | [Fumi-Raws] (Pokemon) (01) - New Pocket Monster series (TVTokyo 1920x1080 AAC).srt | [Fumi-Raws] (Pokemon) (01) - New Pocket Monster series (TVTokyo 1920x1080 AAC).ass,
137309,Digimon Ghost Game,SubsPlease,possible_gave_up,0.069,starts near beginning and stops well before merged end,5,5,5,72,1,5,1,72,5,1-5,[SubsPlease] Digimon Ghost Game - 03 RETIMED.srt | [SubsPlease] Digimon Ghost Game - 04 RETIMED.srt | [SubsPlease] Digimon Ghost Game - 02 RETIMED.srt,
8687,Doraemon (2005),shincaps,possible_gave_up,0.076,starts near beginning and stops well before merged end,38,34,17,225,1,17,1,1292,17,1-17,[shincaps] Doraemon (2005) - 014 (CS-EX1 1440x1080 MPEG2 AAC).ass | [shincaps] Doraemon Birthday Special 2007 (CS-EX1 1440x1080 MPEG2 AAC).srt | [shincaps] Doraemon (2005) - 012 (CS-EX1 1440x1080 MPEG2 AAC).srt,[shincaps] Doraemon Birthday Special 2007 (CS-EX1 1440x1080 MPEG2 AAC).srt | [shincaps] Doraemon Birthday Special 2007 (CS-EX1 1440x1080 MPEG2 AAC).ass | [shincaps] Doraemon Birthday Special 2006 (CS-EX1 1440x1080 MPEG2 AAC).srt
94,Kidou Senshi Gundam SEED DESTINY,dmhy,possible_gave_up,0.100,starts near beginning and stops well before merged end,5,5,5,50,1,5,1,50,5,1-5,[dmhy][gundam seed destiny][002][dvdrip][CRC32 6D274449].jp.ass | [dmhy][gundam seed destiny][001][dvdrip][crc32 4021225a].jp.ass | [dmhy][gundam seed destiny][005][dvdrip].jp.ass,
142080,Delicious Party♡Precure,Serenae,possible_gave_up,0.111,starts near beginning and stops well before merged end,5,5,5,45,1,7,1,45,3,"1-2, 5-7",[Serenae] Delicious Party♡Precure - 06 (1080p).jp.srt | [Serenae] Delicious Party♡Precure - 01 (1080p).jp.srt | [Serenae] Delicious Party♡Precure - 07 (1080p).jp.srt,
2904,Code Geass: Hangyaku no Lelouch R2,LiouMing,possible_gave_up,0.120,starts near beginning and stops well before merged end,4,4,3,25,1,3,1,25,3,1-3,[LiouMing][Code Geass R2][03][x264 704x396].jp.ass | [LiouMing][Code Geass R2][02][x264 704x396].jp.ass | [LiouMing][Code Geass R2][01][x264 704x396].jp.ass,
185073,Kimi to Idol Precure♪,SubsPlease,possible_gave_up,0.122,starts near beginning and stops well before merged end,7,7,6,49,1,6,1,49,6,1-6,[SubsPlease] Kimi to Idol Precure - 03 (1080p) [2DE110AA].ass | [SubsPlease] Kimi to Idol Precure - 05 (1080p) [E6F1BD0C].srt | [SubsPlease] Kimi to Idol Precure - 02 (1080p) [8042AFE5].ass,
20923,Shokugeki no Souma,Leopard-Raws,possible_gave_up,0.125,starts near beginning and stops well before merged end,3,3,3,24,1,3,1,24,3,1-3,[Leopard-Raws] Shokugeki no Souma - 01 RAW (TBS 1280x720 x264 AAC).ass | [Leopard-Raws] Shokugeki no Souma - 03 RAW (TBS 1280x720 x264 AAC).ass | [Leopard-Raws] Shokugeki no Souma - 02 RAW (TBS 1280x720 x264 AAC).ass,
131681,Shingeki no Kyojin: The Final Season Part 2,Trix,possible_gave_up,0.125,starts near beginning and stops well before merged end,3,3,3,24,17,28,17,87,1,"17, 24, 28",[Trix] Shingeki no Kyojin S04E28 (87) (BD 1080p AV1) [6BB1C688].srt | [Trix] Shingeki no Kyojin S04E24 (83) (BD 1080p AV1) [86D149A3].srt | [Trix] Shingeki no Kyojin S04E17 (76) (BD 1080p AV1) [0C50BE6F].srt,
1604,Katekyou Hitman REBORN!,(no leading group),possible_gave_up,0.134,starts near beginning and stops well before merged end,16,16,16,119,1,16,1,203,16,1-16,Katekyou Hitman REBORN! - 10 ja.srt | Katekyou Hitman REBORN! - 05 ja.srt | Katekyou Hitman REBORN! - 06 ja.srt,
139092,Mairimashita! Iruma-kun 3,KureyonRaws,possible_gave_up,0.143,starts near beginning and stops well before merged end,3,3,3,21,1,3,1,21,3,1-3,[KureyonRaws] Mairimashita! Iruma-kun 3rd Season - 03 (NHKE 1280x720 x264 AAC).srt | [KureyonRaws] Mairimashita! Iruma-kun 3rd Season - 02 (NHKE 1280x720 x264 AAC).srt | [KureyonRaws] Mairimashita! Iruma-kun 3rd Season - 01 (NHKE 1280x720 x264 AAC).srt,
183423,ONE PIECE: Gyojin Tou-hen,(no leading group),possible_gave_up,0.143,starts near beginning and stops well before merged end,7,3,3,21,1,11,1,21,2,"1-2, 11",ONE PIECE Gyojin Tou-hen - E01 [TV].srt | ONE PIECE Gyojin Tou-hen - E02 [TV].srt | ワンピース 魚人島編 - 01 【再出発!集う麦わらの一味!】-2024-11-03-JPTVclub.srt,ONE PIECE Gyojin Tou-hen - E01 [TV].srt | ONE PIECE Gyojin Tou-hen - E02 [TV].srt | ONE PIECE Gyojin Tou-hen - E18 [TV].srt
111310,Mewkledreamy,MoyaiSubs retimed,possible_gave_up,0.146,starts near beginning and stops well before merged end,9,7,7,48,2,9,1,48,4,"2-5, 7-9",[MoyaiSubs retimed] Mewkledreamy - 06v2.srt | [MoyaiSubs retimed] Mewkledreamy - 09.srt | [MoyaiSubs retimed] Mewkledreamy - 04.srt,[MoyaiSubs retimed] Mewkledreamy - 06v2.srt | [MoyaiSubs retimed] Mewkledreamy - 01v2.srt
467,Koukaku Kidoutai: STAND ALONE COMPLEX,アニメ,possible_gave_up,0.154,starts near beginning and stops well before merged end,4,4,4,26,1,4,1,26,4,1-4,[アニメ] 攻殻機動隊 STAND ALONE COMPLEX 第02話 「暴走の証明 TESTATION」 (BLU-RAY 1920x1080 H.264／AVC AAC 音声ch切替可).srt | [アニメ] 攻殻機動隊 STAND ALONE COMPLEX 第04話 「視覚素子は笑う INTERCEPTER」 (BLU-RAY 1920x1080 H.264／AVC AAC 音声ch切替可).srt | [アニメ] 攻殻機動隊 STAND ALONE COMPLEX 第01話 「公安9課 SECTION-9」 (BLU-RAY 1920x1080 H.264／AVC AAC 音声ch切替可).ass,
120851,Osomatsu-san 3,(no leading group),possible_gave_up,0.160,starts near beginning and stops well before merged end,4,4,4,25,1,4,1,25,4,1-4,おそ松さん.S03E02.WEBRip.Netflix.ja[cc].srt | おそ松さん.S03E04.WEBRip.Netflix.ja[cc].srt | おそ松さん.S03E01.WEBRip.Netflix.ja[cc].srt,
151970,Shangri-La Frontier,SubsPlease,possible_gave_up,0.160,starts near beginning and stops well before merged end,4,4,4,25,1,4,1,25,4,1-4,[SubsPlease] Shangri-La Frontier - 01 (720p) [AC62F13B].ja.ass | [SubsPlease] Shangri-La Frontier - 03 (720p) [2900863E].ja.ass | [SubsPlease] Shangri-La Frontier - 04 (720p) [8CAA1E8D].ja.ass,
4186,Koukaku no Regios,HKG,possible_gave_up,0.167,starts near beginning and stops well before merged end,4,4,4,24,1,4,1,24,4,1-4,[HKG][Koukaku no Regios][DVDrip][04][x264 AAC][720x480][CRC32 022D0EB8].jpn.ass | [HKG][Koukaku no Regios][DVDrip][03][x264 AAC][720x480][CRC32 BB1F91E9].jpn.ass | [HKG][Koukaku no Regios][DVDrip][02][x264 AAC][720x480][CRC32 B69770BC].jpn.ass,
4884,Tales of the Abyss,CASO,possible_gave_up,0.192,starts near beginning and stops well before merged end,5,5,5,26,1,5,1,26,5,1-5,[CASO][Tales Of The Abyss][05][BDRIP][1920x1080][H264 FLACx2][3526606A].jp.ass | [CASO][Tales Of The Abyss][01][BDRIP][1920x1080][H264 FLACx2][795CEA9F].jp.ass | [CASO][Tales Of The Abyss][04][BDRIP][1920x1080][H264 FLAC][98FB7735].jp[fix].ass,
5114,Hagane no Renkinjutsushi: FULLMETAL ALCHEMIST,(no leading group),possible_gave_up,0.203,starts near beginning and stops well before merged end,64,64,13,64,1,13,1,64,13,1-13,鋼の錬金術師 Fullmetal Alchemist.S05E08.天の瞳、地の扉.WEBRip.Netflix.ja[cc].srt | 鋼の錬金術師 Fullmetal Alchemist.S02E11.腹の中.WEBRip.Netflix.ja[cc].srt | 鋼の錬金術師 Fullmetal Alchemist.S02E02.東方の使者.WEBRip.Netflix.ja[cc].srt,
13163,Furusato Saisei: Nippon no Mukashi Banashi,DHR,possible_gave_up,0.205,starts near beginning and stops well before merged end,25,24,24,117,1,27,1,137,19,"1-19, 21, 23-25, 27",[DHR][Nihon no Mukashi Banashi][06][720P][x264 Hi10P AAC].jp.srt | [DHR][Nihon no Mukashi Banashi][25][720P][x264 Hi10P AAC].jp.srt | [DHR][Nihon no Mukashi Banashi][18][720P][x264 Hi10P AAC].jp.srt,[DHR][Nihon no Mukashi Banashi][20v2][720P][x264 Hi10P AAC].jp.srt
136,HUNTER×HUNTER,全职猎人,possible_gave_up,0.226,starts near beginning and stops well before merged end,14,14,14,62,1,15,1,62,10,"1-10, 12-15","[全职猎人].[Hunter X Hunter][TV][DVDRIP][02][83C50AA5][CHS, JPN].ass | [全职猎人].[Hunter X Hunter][TV][DVDRIP][15][13B2B8CC][CHS, JPN].ass | [全职猎人].[Hunter X Hunter][TV][DVDRIP][13][122012E7][CHS, JPN].ass",
6702,FAIRY TAIL,Judas,possible_gave_up,0.229,starts near beginning and stops well before merged end,40,40,40,175,1,40,1,175,40,1-40,[Judas] Fairy Tail (2009) - 021 [BD 1080p][HEVC x265 10bit].srt | [Judas] Fairy Tail (2009) - 004 [BD 1080p][HEVC x265 10bit].srt | [Judas] Fairy Tail (2009) - 001 [BD 1080p][HEVC x265 10bit].srt,
130777,Mewkledreamy Mix!,(no leading group),possible_gave_up,0.231,starts near beginning and stops well before merged end,9,9,9,39,1,9,1,50,9,1-9,Mewkledreamy Mix - 08 (TVA).srt | Mewkledreamy Mix - 07 (TVA).srt | Mewkledreamy Mix - 01 (TVA).srt,
666,JoJo no Kimyou na Bouken,Judas,possible_gave_up,0.231,starts near beginning and stops well before merged end,6,6,6,26,1,6,1,26,6,1-6,[Judas] JoJo 1993 - OVA 05.srt | [Judas] JoJo 1993 - OVA 06.srt | [Judas] JoJo 1993 - OVA 02.srt,
3228,Zoku Sayonara Zetsubou Sensei,Zero-Raws,possible_gave_up,0.231,starts near beginning and stops well before merged end,3,3,3,13,1,8,1,13,2,"1-2, 8",[Zero-Raws] Zoku Sayonara Zetsubou Sensei - 08 (BD 1024x576 x264 AAC).ass | [Zero-Raws] Zoku Sayonara Zetsubou Sensei - 01 (BD 1024x576 x264 AAC).ass | [Zero-Raws] Zoku Sayonara Zetsubou Sensei - 02 (BD 1024x576 x264 AAC).ass,
179678,Jigoku Sensei Nube (2025),shincaps,possible_gave_up,0.231,starts near beginning and stops well before merged end,6,6,3,13,1,4,1,13,2,"1, 3-4",[shincaps] Jigoku Sensei Nube (2025) - 04 (BS-EX 1440x1080 MPEG2 AAC).srt | [shincaps] Jigoku Sensei Nube (2025) - 03 (BS-EX 1440x1080 MPEG2 AAC).srt | [shincaps] Jigoku Sensei Nube (2025) - 04 (BS-EX 1440x1080 MPEG2 AAC).ass,
128872,Aikatsu Planet!,(no leading group),possible_gave_up,0.240,starts near beginning and stops well before merged end,6,6,6,25,1,6,1,25,6,1-6,Aikatsu Planet! - 02 (TX).srt | Aikatsu Planet! - 01 (TX).srt | Aikatsu Planet! - 04 (TX).srt,
174654,NEET Kunoichi to Naze ka Dousei Hajimemashita,JPTV+,possible_gave_up,0.250,starts near beginning and stops well before merged end,12,12,6,24,1,6,1,24,6,1-6,[JPTV+] ニートくノ一となぜか同棲はじめました - 05 (AT-X).ass | [JPTV+] ニートくノ一となぜか同棲はじめました - 06 (AT-X).ass | [JPTV+] ニートくノ一となぜか同棲はじめました - 01 (AT-X).srt,
163205,Mononogatari 2nd Season,NanakoRaws,possible_gave_up,0.250,starts near beginning and stops well before merged end,8,8,4,16,1,4,1,24,4,1-4,[NanakoRaws] Mononogatari S2 - 02 (1080p).srt | [NanakoRaws] Mononogatari S2 - 03 (1080p).ass | [NanakoRaws] Mononogatari S2 - 04 (1080p).ass,
98202,Tsuki ga Kirei,(no leading group),possible_gave_up,0.250,starts near beginning and stops well before merged end,3,3,3,12,2,6,1,12,2,"2, 5-6",Tsuki ga Kirei.S01E02.Netflix.CC.ja.srt | Tsuki ga Kirei.S01E05.Netflix.CC.ja.srt | Tsuki ga Kirei.S01E06.Netflix.CC.ja.srt,
114979,Love Live! Superstar!!,(no leading group),possible_gave_up,0.250,starts near beginning and stops well before merged end,3,3,3,12,1,3,1,12,3,1-3,Love Live! Superstar!! - 02 (NHKE).srt | Love Live! Superstar!! - 01 (NHKE).srt | Love Live! Superstar!! - 03 (NHKE).srt,
118375,Ore dake Haireru Kakushi Dungeon,SubsPlease,possible_gave_up,0.250,starts near beginning and stops well before merged end,3,3,3,12,2,8,1,12,1,"2, 4, 8",[SubsPlease] Ore dake Haireru Kakushi Dungeon - 04 (1080p) [C81F6C01].srt | [SubsPlease] Ore dake Haireru Kakushi Dungeon - 08 (1080p) [0E4009DE].srt | [SubsPlease] Ore dake Haireru Kakushi Dungeon - 02 (1080p) [C1F9CA46].srt,
139274,Kidou Senshi Gundam: Suisei no Majo,KureyonRaws,possible_gave_up,0.250,starts near beginning and stops well before merged end,3,3,3,12,1,3,1,12,3,1-3,[KureyonRaws] Kidou Senshi Gundam Suisei no Majo - 02 (ATV 1280x720 x264 AAC).srt | [KureyonRaws] Kidou Senshi Gundam Suisei no Majo - 01 (ATV 1280x720 x264 AAC).srt | [KureyonRaws] Kidou Senshi Gundam Suisei no Majo - 03 (RKK 1280x720 x264 AAC).srt,
146975,THE iDOLM@STER Cinderella Girls: U149,(no leading group),possible_gave_up,0.250,starts near beginning and stops well before merged end,5,5,3,12,1,7,1,12,2,"1-2, 7",Idolmaster Cinderella Girls U149 - 01 (TX 1080p HEVC AAC).srt | Idolmaster Cinderella Girls U149 - 01 (TX 1080p HEVC AAC).ass | THE iDOLMSTER Cinderella Girls. U149 - 07.5 (Recap)[Script Only].srt,
160447,Temple,NanakoRaws,possible_gave_up,0.250,starts near beginning and stops well before merged end,6,6,3,12,1,3,1,12,3,1-3,[NanakoRaws] Temple - 02 (1080p).srt | [NanakoRaws] Tenpuru - 01 「カラダで払ってもらうことにしました！」 (AT-X 1280x720 x264 AAC).ass | [NanakoRaws] Temple - 02 (1080p).ass,
166700,Tasogare Outfocus,Nekomoe kissaten&LoliHouse,possible_gave_up,0.250,starts near beginning and stops well before merged end,6,6,3,12,1,3,1,12,3,1-3,"[Nekomoe kissaten&LoliHouse] Tasogare Out Focus - 03 [WebRip][JPN].ass | [Nekomoe kissaten&LoliHouse] Tasogare Out Focus - 02 [WebRip][JPN].ass | [Nekomoe kissaten&LoliHouse] Tasogare Out Focus - 02 [WebRip][CHS, JPN].ass",
170650,Kisaki Kyouiku kara Nigetai Watashi,(no leading group),possible_gave_up,0.250,starts near beginning and stops well before merged end,6,6,3,12,2,4,1,12,3,2-4,Kisaki Kyouiku kara Nigetai Watashi - 03 (AT-X 1280x720 x264 AAC).ass | Kisaki Kyouiku kara Nigetai Watashi - 02 (AT-X 1280x720 x264 AAC).ass | Kisaki Kyouiku kara Nigetai Watashi - 04 (AT-X 1280x720 x264 AAC).srt,
178495,Tasokare Hotel,(no leading group),possible_gave_up,0.250,starts near beginning and stops well before merged end,6,6,3,12,2,4,1,12,3,2-4,Tasokare Hotel - 04 「友情と責任」 (AT-X 1280x720 x264 AAC).srt | Tasokare Hotel - 04 「友情と責任」 (AT-X 1280x720 x264 AAC).ass | Tasokare Hotel - 02 「人生の賭け」 (AT-X 1280x720 x264 AAC).ass,
178548,Fuguushoku [Kanteishi] ga Jitsu wa Saikyou Datta: Naraku de Kitaeta Saikyou no [Shingan] de Musou Suru,(no leading group),possible_gave_up,0.250,starts near beginning and stops well before merged end,6,6,3,12,2,4,1,12,3,2-4,FuguKan - 03 「リベンジマッチ」 (AT-X 1280x720 x264 AAC).ass | FuguKan - 02 「精霊の目で超鑑定」 (AT-X 1280x720 x264 AAC).srt | FuguKan - 02 「精霊の目で超鑑定」 (AT-X 1280x720 x264 AAC).ass,
178701,Aru Majo ga Shinu Made,KitaujiSub,possible_gave_up,0.250,starts near beginning and stops well before merged end,6,6,3,12,1,3,1,12,3,1-3,"[KitaujiSub] Aru Majo ga Shinu Made [02][WebRip][JPN].ass | [KitaujiSub] Aru Majo ga Shinu Made [02][WebRip][CHS, JPN].ass | [KitaujiSub] Aru Majo ga Shinu Made [01][WebRip][JPN].ass",
179297,Magic Maker: Isekai Mahou no Tsukurikata,(no leading group),possible_gave_up,0.250,starts near beginning and stops well before merged end,6,6,3,12,2,4,1,12,3,2-4,Magic Maker - 03 「ゴブリン襲来」 (TX 1920x1080 x264 AAC).srt | Magic Maker - 03 「ゴブリン襲来」 (TX 1920x1080 x264 AAC).ass | Magic Maker - 04 「魔法研究、本格始動」 (TX 1920x1080 x264 AAC).ass,
179919,NegaPosi Angler,SubsPlease,possible_gave_up,0.250,starts near beginning and stops well before merged end,3,3,3,12,1,3,1,12,3,1-3,[SubsPlease] NegaPosi Angler - 03 (1080p) [78EE6140].srt | [SubsPlease] NegaPosi Angler - 01 (1080p) [754F4DFF].srt | [SubsPlease] NegaPosi Angler - 02 (1080p) [B108C588].srt,
143200,Summer Pockets,Nekomoe kissaten&LoliHouse,possible_gave_up,0.269,starts near beginning and stops well before merged end,14,14,7,26,1,7,1,26,7,1-7,"[Nekomoe kissaten&LoliHouse] Summer Pockets - 01 [WebRip][JPN].ass | [Nekomoe kissaten&LoliHouse] Summer Pockets - 05 [WebRip][CHS, JPN].ass | [Nekomoe kissaten&LoliHouse] Summer Pockets - 04 [WebRip][JPN].ass",
97881,Cardcaptor Sakura: Clear Card-hen,(no leading group),possible_gave_up,0.273,starts near beginning and stops well before merged end,23,23,6,22,1,6,1,22,6,1-6,2018-04-15-0730-0755-アニメ カードキャプターさくら クリアカード編(14).ass | 2018-02-18-0730-0755-アニメ カードキャプターさくら クリアカード編(07).ass | 2018-04-29-0730-0755-アニメ カードキャプターさくら クリアカード編(16).ass,
176660,Sengoku Youko: Senma Konton-hen,Nekomoe kissaten&LoliHouse,possible_gave_up,0.273,starts near beginning and stops well before merged end,12,12,6,22,14,19,14,35,6,14-19,"[Nekomoe kissaten&LoliHouse] Sengoku Youko - 19 [WebRip][CHS, JPN].ass | [Nekomoe kissaten&LoliHouse] Sengoku Youko - 14 [WebRip][CHS, JPN].ass | [Nekomoe kissaten&LoliHouse] Sengoku Youko - 18 [WebRip][CHS, JPN].ass",
158870,Pocket Monsters: Mezase Pokémon Master,shincaps,possible_gave_up,0.273,starts near beginning and stops well before merged end,6,6,3,11,137,140,137,147,2,"137, 139-140",[shincaps] Pocket Monsters (2019) - 139 (KIDS 1440x1080 MPEG2 AAC).ass | [shincaps] Pocket Monsters (2019) - 137-138 (KIDS 1440x1080 MPEG2 AAC).srt | [shincaps] Pocket Monsters (2019) - 140 (KIDS 1440x1080 MPEG2 AAC).ass,
9863,SKET DANCE,HorribleSubs,possible_gave_up,0.286,starts near beginning and stops well before merged end,22,22,22,77,1,32,1,77,7,"1, 5, 7, 9, 11-17, 19-22, 24, 27-32",[HorribleSubs] SKET Dance - 15 [720p].ass | [HorribleSubs] SKET Dance - 22 [720p].ass | [HorribleSubs] SKET Dance - 01 [720p].ass,
170,SLAM DUNK,(no leading group),possible_gave_up,0.297,starts near beginning and stops well before merged end,117,101,30,101,1,30,1,101,30,1-30,Slam Dunk.S03E12.第32話 天才花道! 必殺ダンク.WEBRip.Netflix.ja[cc].srt | Slam Dunk - E003 [TV].ass | Slam Dunk.S02E05.第17話 リバウンド王 桜木花道の苦悩.WEBRip.Netflix.ja[cc].srt,Slam Dunk - E003 [TV].ass | Slam Dunk - E001 [TV].ass | Slam Dunk - E007 [TV].ass
477,ARIA The ANIMATION,SallySubs,possible_gave_up,0.308,starts near beginning and stops well before merged end,4,4,4,13,1,4,1,13,4,1-4,[SallySubs] Aria The Animation - 02 [BD 1080p FLAC] [A0DD6BFF].srt | [SallySubs] Aria The Animation - 03 [BD 1080p FLAC] [769FADBC].srt | [SallySubs] Aria The Animation - 04 [BD 1080p FLAC] [1076B9B0].srt,
182920,Cardfight!! Vanguard: Divinez - Deluxe-hen,(no leading group),possible_gave_up,0.308,starts near beginning and stops well before merged end,8,8,4,13,2,5,1,13,4,2-5,Cardfight！！ Vanguard Divinez Deluxe Hen - 03 「デラックス開幕！！！」 (TVA 1920x1080 x264 AAC).srt | Cardfight！！ Vanguard Divinez Deluxe Hen - 05 「運命王VS宿命王」 (TX 1920x1080 x264 AAC).ass | Cardfight！！ Vanguard Divinez Deluxe Hen - 03 「デラックス開幕！！！」 (TVA 1920x1080 x264 AAC).ass,
135,Hikaru no Go,棋魂,possible_gave_up,0.320,starts near beginning and stops well before merged end,24,24,24,75,1,24,1,75,24,1-24,[棋魂].[txxz][hikaru no go][DVDrip][11].jpn.srt | [棋魂].[txxz][hikaru no go][DVDrip][20].jpn.srt | [棋魂].[txxz][hikaru no go][DVDrip][14].jpn.srt,
17831,Inu to Hasami wa Tsukaiyou,HorribleSubs,possible_gave_up,0.333,starts near beginning and stops well before merged end,4,4,4,12,1,4,1,12,4,1-4,[HorribleSubs] Inu to Hasami wa Tsukaiyou - 03 [1080p].ass | [HorribleSubs] Inu to Hasami wa Tsukaiyou - 01 [1080p].ass | [HorribleSubs] Inu to Hasami wa Tsukaiyou - 02 [1080p].ass,
98505,Princess Principal,KaimeiSubs,possible_gave_up,0.333,starts near beginning and stops well before merged end,4,4,4,12,1,4,1,12,4,1-4,[KaimeiSubs] Princess Principal - 03 [720p].ass | [KaimeiSubs] Princess Principal - 01 [720p].ass | [KaimeiSubs] Princess Principle - 04 [720p].ass,
100112,Kenja no Mago,XKsub,possible_gave_up,0.333,starts near beginning and stops well before merged end,4,4,4,12,1,4,1,12,4,1-4,[XKsub][Kenja no Mago][03][CHS JAP][1080P][BDrip][MP4].ass | [XKsub][Kenja no Mago][02][CHS JAP][1080P][BDrip][MP4].ass | [XKsub][Kenja no Mago][01][CHS JAP][1080P][BDrip][MP4].ass,
104325,Nande Koko ni Sensei ga!?,XKsub,possible_gave_up,0.333,starts near beginning and stops well before merged end,4,4,4,12,1,4,1,12,4,1-4,"[XKsub][Nande Koko ni Sensei ga][03][CHS＆CHT_JAP][1080P][WEBrip][MKV].ass | [XKsub][Nande Koko ni Sensei ga][01][1080P][WEBrip][MKV][CHS, JPN].ass | [XKsub][Nande Koko ni Sensei ga][04][CHS＆CHT_JAP][1080P][WEBrip][MKV].ass",
104937,Lapis Re:LiGHTs,HorribleSubs,possible_gave_up,0.333,starts near beginning and stops well before merged end,4,4,4,12,1,4,1,12,4,1-4,[HorribleSubs] Lapis ReLiGHTs - 03 [1080p].jp.ass | [HorribleSubs] Lapis ReLiGHTs - 02 [1080p].jp.ass | [HorribleSubs] Lapis ReLiGHTs - 01 [1080p].jp.ass,
128828,Dolls' Frontline,SubsPlease,possible_gave_up,0.333,starts near beginning and stops well before merged end,4,4,4,12,1,4,1,12,4,1-4,[SubsPlease] Girls’ Frontline - 04 (720p) [2361AD88].jp.srt | [SubsPlease] Girls’ Frontline - 03 (720p) [2ABAFB44].jp.srt | [SubsPlease] Girls’ Frontline - 01 (720p) [B4456437].jp.srt,
170891,Na-Nare Hana-Nare,Nekomoe kissaten&LoliHouse,possible_gave_up,0.333,starts near beginning and stops well before merged end,8,8,4,12,1,4,1,12,4,1-4,"[Nekomoe kissaten&LoliHouse] Na Nare Hana Nare - 01 [WebRip][JPN].ass | [Nekomoe kissaten&LoliHouse] Na Nare Hana Nare - 03 [WebRip][CHS, JPN].ass | [Nekomoe kissaten&LoliHouse] Na Nare Hana Nare - 04 [WebRip][JPN].ass",
176158,"S-Rank Monster no ""Behemoth"" Dakedo, Neko to Machigawarete Elf Musume no Pet to Shite Kurashitemasu",(no leading group),possible_gave_up,0.333,starts near beginning and stops well before merged end,8,8,4,12,2,5,1,12,4,2-5,Beheneko - 02 「虎耳鍛冶師と新たなるスキル」 (AT-X 1280x720 x264 AAC).srt | Beheneko - 03 「緊急クエスト 魔族討伐へ！」 (AT-X 1280x720 x264 AAC).ass | Beheneko - 04 「覚醒！《ベヒーモス》」 (AT-X 1280x720 x264 AAC).ass,
179696,Kono Kaisha ni Suki na Hito ga Imasu,(no leading group),possible_gave_up,0.333,starts near beginning and stops well before merged end,8,8,4,12,2,5,1,12,4,2-5,Kono Kaisha ni Suki na Hito ga Imasu - 03 「今夜は特別」 (MX 1920x1080 x264 AAC).srt | Kono Kaisha ni Suki na Hito ga Imasu - 05 「はじめての旅行」 (MX 1920x1080 x264 AAC).srt | Kono Kaisha ni Suki na Hito ga Imasu - 04 「モヤモヤ」 (MX 1920x1080 x264 AAC).srt,
187940,Kao ni Denai Kashiwada-san to Kao ni Deru Oota-kun,Nekomoe kissaten&LoliHouse,possible_gave_up,0.333,starts near beginning and stops well before merged end,8,8,4,12,1,4,1,12,4,1-4,"[Nekomoe kissaten&LoliHouse] Kao ni Denai Kashiwada-san to Kao ni Deru Oota-kun - 03 [WebRip 1080p HEVC-10bit AAC ASSx2][CHS, JPN].ass | [Nekomoe kissaten&LoliHouse] Kao ni Denai Kashiwada-san to Kao ni Deru Oota-kun - 04 [WebRip 1080p HEVC-10bit AAC ASSx2][CHS, JPN].ass | [Nekomoe kissaten&LoliHouse] Kao ni Denai Kashiwada-san to Kao ni Deru Oota-kun - 02 [WebRip 1080p HEVC-10bit AAC ASSx2][JPN].ass",
145064,Jujutsu Kaisen 2nd Season,Erai-raws,possible_gave_up,0.348,starts near beginning and stops well before merged end,16,16,16,46,2,23,1,47,7,"2-8, 11-16, 19, 21, 23",[Erai-raws] Jujutsu Kaisen 2nd Season - 14 [1080p].srt | [Erai-raws] Jujutsu Kaisen 2nd Season - 03 [1080p].srt | [Erai-raws] Jujutsu Kaisen 2nd Season - 16 [1080p].srt,
114535,Fumetsu no Anata e,XKsub,possible_gave_up,0.350,starts near beginning and stops well before merged end,7,7,7,20,1,7,1,20,7,1-7,"[XKsub] Fumetsu no Anata e [01][HEVC-10bit 1080p AAC][CHS, JPN].ass | [XKsub] Fumetsu no Anata e [04][HEVC-10bit 1080p AAC][CHS, JPN].ass | [XKsub] Fumetsu no Anata e [07][HEVC-10bit 1080p AAC][CHS, JPN].ass",
195322,Vigilante: Boku no Hero Academia ILLEGALS 2nd Season,shincaps,possible_gave_up,0.350,starts near beginning and stops well before merged end,14,14,7,20,1,8,1,26,5,"1-5, 7-8",[shincaps] Vigilante ~Boku no Hero Academia ILLEGALS~ 2nd Season - 01 (BS-ANIMAX 1440x1080 MPEG2 AAC).srt | [shincaps] Vigilante ~Boku no Hero Academia ILLEGALS~ 2nd Season - 07 (BS-ANIMAX 1440x1080 MPEG2 AAC).srt | [shincaps] Vigilante ~Boku no Hero Academia ILLEGALS~ 2nd Season - 02 (BS-ANIMAX 1440x1080 MPEG2 AAC).ass,
155168,Hataraku Maou-sama!! 2nd Season,NanakoRaws,possible_gave_up,0.357,starts near beginning and stops well before merged end,10,10,5,14,1,6,1,24,4,"1-4, 6",[NanakoRaws] Hataraku Maou-sama!! S2 - 03 (1080p).ass | [NanakoRaws] Hataraku Maou-sama!! S2 - 06 (1080p).ass | [NanakoRaws] Hataraku Maou-sama!! S2 - 06 (1080p).srt,
3841,Chi's Sweet Home,Proxy Fansub,possible_gave_up,0.364,starts near beginning and stops well before merged end,4,4,4,11,1,4,1,93,4,1-4,[Proxy Fansub] Chii’s Sweet Home - 003.ass | [Proxy Fansub] Chii’s Sweet Home - 001.ass | [Proxy Fansub] Chii’s Sweet Home - 004.ass,
5630,Higashi no Eden,HC,possible_gave_up,0.364,starts near beginning and stops well before merged end,4,4,4,11,1,4,1,11,4,1-4,[HC][Eden.of.the.East][03][1080p BDRE][AVC TrueHD 5.1 FLAC][730FCD3C].ass | [HC][Eden of the East][04][1080p BDRE][AVC TrueHD 5.1 FLAC][AA34610D].ass | [HC][Eden of the East][01][1080p BDRE][AVC TrueHD 5.1 FLAC][A1A15CB0].ass,
147105,Tongari Boushi no Atelier,SubsPlease,possible_gave_up,0.364,starts near beginning and stops well before merged end,4,4,4,11,2,6,1,11,3,"2-4, 6",[SubsPlease] Tongari Boushi no Atelier - 06 (1080p) [043AF62E].srt | [SubsPlease] Tongari Boushi no Atelier - 04 (1080p) [D5611080].srt | [SubsPlease] Tongari Boushi no Atelier - 03 (1080p) [D37218F9].srt,
140291,Disney Twisted-Wonderland: THE ANIMATION  - Season 1: EPISODE of HEARTSLABYUL,(no leading group),possible_gave_up,0.375,starts near beginning and stops well before merged end,3,3,3,8,1,3,1,8,3,1-3,Disney Twisted - Wonderland The Animation S01E03.ass | Disney Twisted - Wonderland The Animation S01E01.ass | Disney Twisted - Wonderland The Animation S01E02.ass,
87502,Megaton-kyuu Musashi,Cleaned,possible_gave_up,0.385,starts near beginning and stops well before merged end,5,5,5,13,1,5,1,13,5,1-5,[Cleaned] Megaton-kyuu Musashi - 02 (TOKYO MX).srt | [Cleaned] Megaton-kyuu Musashi - 05 (TOKYO MX).srt | [Cleaned] Megaton-kyuu Musashi - 01 (TOKYO MX).srt,
129814,BLUE REFLECTION RAY,XKsub,possible_gave_up,0.385,starts near beginning and stops well before merged end,5,5,5,13,1,5,1,24,5,1-5,"[XKsub] Blue Reflection Ray [01][HEVC-10bit 1080p AAC][CHS, JPN].ass | [XKsub] Blue Reflection Ray [03][HEVC-10bit 1080p AAC][CHS, JPN].ass | [XKsub] Blue Reflection Ray [02][HEVC-10bit 1080p AAC][CHS, JPN].ass",
164212,GIRLS BAND CRY,shincaps,possible_gave_up,0.385,starts near beginning and stops well before merged end,12,12,5,13,1,5,1,13,5,1-5,[shincaps] Girls Band Cry - 05 (AT-X 1440x1080 MPEG2 AAC).srt | [shincaps] Girls Band Cry - 01 (AT-X 1440x1080 MPEG2 AAC).srt | [shincaps] Girls Band Cry - 04 (AT-X 1440x1080 MPEG2 AAC).srt,
167142,Your Forma,shincaps,possible_gave_up,0.385,starts near beginning and stops well before merged end,10,10,5,13,1,8,1,13,3,"1, 3-5, 8",[shincaps] Your Forma - 08 (BS-EX 1440x1080 MPEG2 AAC).srt | [shincaps] Your Forma - 03 (BS-EX 1440x1080 MPEG2 AAC).ass | [shincaps] Your Forma - 04 (BS-EX 1440x1080 MPEG2 AAC).srt,
21355,Re:Zero kara Hajimeru Isekai Seikatsu,Kamigami,possible_gave_up,0.400,starts near beginning and stops well before merged end,11,10,10,25,2,11,1,25,10,2-11,[Kamigami] Re Zero kara Hajimeru Isekai Seikatsu - 06 [1920x1080 x265 Ma10p AAC][JPN].ass | [Kamigami] Re Zero kara Hajimeru Isekai Seikatsu - 05 [1920x1080 x265 Ma10p AAC][JPN].ass | [Kamigami] Re Zero kara Hajimeru Isekai Seikatsu - 02 [1920x1080 x265 Ma10p AAC][JPN].ass,[Kamigami] Re Zero kara Hajimeru Isekai Seikatsu - 01v3 [1920x1080 x265 Ma10p AAC][JPN].ass
182255,Sousou no Frieren 2nd Season,NanakoRaws,possible_gave_up,0.400,starts near beginning and stops well before merged end,20,16,8,20,1,10,1,38,6,"1-6, 8, 10",[NanakoRaws] Sousou no Frieren S2 - 03 (NTV 1920x1080 x265 AAC).srt | [NanakoRaws] Sousou no Frieren - S02E10 END (AT-X TV 1080p HEVC AAC).srt | [NanakoRaws] Sousou no Frieren - S02E06 (TV 1080p HEVC AAC).ass,[NanakoRaws] Sousou no Frieren - S02E09v2 (TV 1080p HEVC AAC).ass | [NanakoRaws] Sousou no Frieren - S02E07v2 (TV 1080p HEVC AAC).ass | [NanakoRaws] Sousou no Frieren - S02E09v2 (TV 1080p HEVC AAC).srt
45,Rurouni Kenshin: Meiji Kenkaku Romantan,(no leading group),possible_gave_up,0.415,starts near beginning and stops well before merged end,188,94,39,94,1,39,1,94,39,1-39,るろうに剣心 -明治剣客浪漫譚-.S02E16.第43幕 生と死の間で! 奥義･天翔龍閃の会得.WEBRip.Netflix.ja[cc].srt | るろうに剣心 -明治剣客浪漫譚-.S01E14.第14幕 小さな命を救え! 美人女医･恵の挑戦.WEBRip.Netflix.ja[cc].srt | るろうに剣心 -明治剣客浪漫譚-.S01E07.第07幕 月下の死闘･愛する人を守れ!.WEBRip.Netflix.ja[cc].srt,Rurouni Kenshin Meiji Kenkaku Romantan - E26 [TV].srt | Rurouni Kenshin Meiji Kenkaku Romantan - E48 [TV].srt | Rurouni Kenshin Meiji Kenkaku Romantan - E19 [TV].srt
131681,Shingeki no Kyojin: The Final Season Part 2,Judas,possible_gave_up,0.417,starts near beginning and stops well before merged end,10,10,10,24,17,27,17,87,7,"17-23, 25-27",[Judas] Shingeki no Kyojin - S04E19.ja.srt | [Judas] 進撃の巨人 S4 - 21 - [1080p HEVC x265 10bit].srt | [Judas] 進撃の巨人 S4 - 17 - [1080p HEVC x265 10bit].srt,
17831,Inu to Hasami wa Tsukaiyou,(no leading group),possible_gave_up,0.417,starts near beginning and stops well before merged end,5,5,5,12,2,7,1,12,4,"2, 4-7",2.ass | 6.ass | 5.ass,
116566,Akudama Drive,SweetSub&LoliHouse,possible_gave_up,0.417,starts near beginning and stops well before merged end,5,5,5,12,1,5,1,12,5,1-5,"[SweetSub&LoliHouse] Akudama Drive - 01 [WebRip 1080p HEVC-10bit AAC ASSx2][CHS, JPN].ass | [SweetSub&LoliHouse] Akudama Drive - 03 [WebRip 1080p HEVC-10bit AAC ASSx2][CHS, JPN].ass | [SweetSub&LoliHouse] Akudama Drive - 05 [WebRip 1080p HEVC-10bit AAC ASSx2][CHS, JPN].ass",
118375,Ore dake Haireru Kakushi Dungeon,(no leading group),possible_gave_up,0.417,starts near beginning and stops well before merged end,17,5,5,12,1,5,1,12,5,1-5,Ore Dake Haireru Kakushi Dungeon - E04 [TV].srt | Ore Dake Haireru Kakushi Dungeon - E05 [TV].srt | Ore Dake Haireru Kakushi Dungeon - E09 [TV].srt,Ore Dake Haireru Kakushi Dungeon - E04 [TV].srt | Ore Dake Haireru Kakushi Dungeon - E05 [TV].srt | Ore Dake Haireru Kakushi Dungeon - E09 [TV].srt
120755,The IDOLM@STER Million Live!,KitaujiSub,possible_gave_up,0.417,starts near beginning and stops well before merged end,5,5,5,12,1,5,1,12,5,1-5,"[KitaujiSub] THE iDOLM@STER MILLION LIVE! - 04 [CHS, JPN].ass | [KitaujiSub] THE iDOLM@STER MILLION LIVE! - 02 [CHS, JPN].ass | [KitaujiSub] THE iDOLM@STER MILLION LIVE! - 05 [CHS, JPN].ass",
132405,Sono Bisque Doll wa Koi wo Suru,SubsPlease,possible_gave_up,0.417,starts near beginning and stops well before merged end,5,5,5,12,1,5,1,12,5,1-5,[SubsPlease] Sono Bisque Doll wa Koi wo Suru - 02 (1080p).srt | [SubsPlease] Sono Bisque Doll wa Koi wo Suru - 03 (1080p).srt | [SubsPlease] Sono Bisque Doll wa Koi wo Suru - 05 (1080p).srt,
136934,Mamahaha no Tsurego ga Motokano datta,NanakoRaws,possible_gave_up,0.417,starts near beginning and stops well before merged end,5,5,5,12,1,5,1,12,5,1-5,[NanakoRaws] Mamahaha no Tsurego ga Motokano Datta - 03 (AT-X 1920x1080 x264 AAC).srt | [NanakoRaws] Mamahaha no Tsurego ga Motokano Datta - 02 (AT-X 1920x1080 x264 AAC).srt | [NanakoRaws] Mamahaha no Tsurego ga Motokano Datta - 05 (AT-X 1920x1080 x264 AAC).srt,
136934,Mamahaha no Tsurego ga Motokano datta,Erai-raws,possible_gave_up,0.417,starts near beginning and stops well before merged end,5,5,5,12,1,5,1,12,5,1-5,[Erai-raws] Mamahaha no Tsurego ga Motokano Datta - 01 [1080p][HEVC][JPN][63C768F4].srt | [Erai-raws] Mamahaha no Tsurego ga Motokano Datta - 05 [1080p][HEVC][JPN][A0BDD2A9].srt | [Erai-raws] Mamahaha no Tsurego ga Motokano Datta - 02 [1080p][HEVC][JPN][C1C70649].srt,
155982,AYAKA,NanakoRaws,possible_gave_up,0.417,starts near beginning and stops well before merged end,12,10,5,12,1,7,1,12,4,"1-4, 7",[NanakoRaws] Ayaka - 06v2 (1080p).srt | [NanakoRaws] Ayaka - 07 (1080p).srt | [NanakoRaws] Ayaka - 03 (1080p).ass,[NanakoRaws] Ayaka - 06v2 (1080p).srt | [NanakoRaws] Ayaka - 06v2 (1080p).ass
175198,Übel Blatt,JPTV+,possible_gave_up,0.417,starts near beginning and stops well before merged end,10,10,5,12,1,5,1,12,5,1-5,[JPTV+] Ubel Blatt～ユーベルブラット～ - 04 (AT-X).srt | [JPTV+] Ubel Blatt～ユーベルブラット～ - 05 (AT-X).srt | [JPTV+] Ubel Blatt～ユーベルブラット～ - 04 (AT-X).ass,
177689,Hikaru ga Shinda Natsu,Kamigami,possible_gave_up,0.417,starts near beginning and stops well before merged end,5,5,5,12,1,6,1,12,4,"1, 3-6",[Kamigami] Hikaru ga Shinda Natsu - 06 [1080p x265 Ma10p AAC][JPN].ass | [Kamigami] Hikaru ga Shinda Natsu - 03 [1080p x265 Ma10p AAC][JPN].ass | [Kamigami] Hikaru ga Shinda Natsu - 05 [1080p x265 Ma10p AAC][JPN].ass,
11617,High School DxD,Judas,possible_gave_up,0.429,starts near beginning and stops well before merged end,6,6,6,14,1,6,1,14,6,1-6,[Judas] High School DxD S1 - 02 jp.srt | [Judas] High School DxD S1 - 01 JP [Missing Lines].srt | [Judas] High School DxD S1 - 05 jp.srt,
113932,Hakumei no Tsubasa,Kinako,possible_gave_up,0.429,starts near beginning and stops well before merged end,3,3,3,7,1,3,1,7,3,1-3,[Kinako] Hakumei no Tsubasa - 03 [YT 1080p AVC AAC].jpn.srt | [Kinako] Hakumei no Tsubasa - 02 [YT 1080p AVC AAC].jpn.srt | [Kinako] Hakumei no Tsubasa - 01 [YT 1080p AVC AAC].jpn.srt,
182205,Tensei Shitara Slime Datta Ken 4th Season,NanakoRaws,possible_gave_up,0.438,starts near beginning and stops well before merged end,14,14,7,16,1,7,1,81,7,1-7,[NanakoRaws] Tensei Shitara Slime Datta Ken S4 - 03 (AT-X 1080p HEVC AAC).srt | [NanakoRaws] Tensei Shitara Slime Datta Ken S4 - 05 (AT-X 1080p HEVC AAC).ass | [NanakoRaws] Tensei Shitara Slime Datta Ken S4 - 06 (AT-X 1080p HEVC AAC).srt,
194317,"Saikyou no Ousama, Nidome no Jinsei wa Nani wo Suru? 2nd Season",NanakoRaws,possible_gave_up,0.444,starts near beginning and stops well before merged end,20,16,8,18,1,10,1,22,6,"1-6, 9-10","[NanakoRaws] The Beginning After the End S2 - 01 (AT-X TV 1080p HEVC AAC).srt | [NanakoRaws] Saikyou no Ousama, Nidome no Jinsei wa Nani wo Suru S2 - 08v2 (AT-X 1080p HEVC AAC).srt | [NanakoRaws] Saikyou no Ousama, Nidome no Jinsei wa Nani wo Suru S2 - 06 (AT-X 1080p HEVC AAC).srt","[NanakoRaws] Saikyou no Ousama, Nidome no Jinsei wa Nani wo Suru S2 - 08v2 (AT-X 1080p HEVC AAC).srt | [NanakoRaws] Saikyou no Ousama, Nidome no Jinsei wa Nani wo Suru S2 - 08v2 (AT-X 1080p HEVC AAC).ass | [NanakoRaws] Saikyou no Ousama, Nidome no Jinsei wa Nani wo Suru S2 - 07v2 (AT-X 1080p HEVC AAC).srt"
181078,"Bye Bye, Earth Season 2",shincaps,possible_gave_up,0.450,starts near beginning and stops well before merged end,26,26,9,20,1,9,1,20,9,1-9,"[shincaps] Bye Bye, Earth 2nd Season - 04 (BS-NTV 1440x1080 MPEG2 AAC).ass | [shincaps] Bye Bye, Earth 2nd Season - 03 (BS-NTV 1440x1080 MPEG2 AAC).srt | [shincaps] Bye Bye, Earth 2nd Season - 07 (WOWOW Prime 1920x1080 MPEG2 AAC).ass",
8129,Kuragehime,A.I.R.nesSub,possible_gave_up,0.455,starts near beginning and stops well before merged end,5,5,5,11,2,7,1,11,3,"2-4, 6-7",[A.I.R.nesSub][Kuragehime][06][BDRIP][1920x1080 10bpp][AVC AAC].jap.srt | [A.I.R.nesSub][Kuragehime][04][BDRIP][1920x1080 10bpp][AVC AAC].jap.srt | [A.I.R.nesSub][Kuragehime][07][BDRIP][1920x1080 10bpp][AVC AAC].jap.srt,
8687,Doraemon (2005),(no leading group),possible_gave_up,0.458,starts near beginning and stops well before merged end,673,671,103,225,1,723,1,1292,35,"1-12, 100, 513-539, 541-575, 577-601, 608, 610, 723",Doraemon (2008.12.12).srt | Doraemon (2014.08.29).srt | Doraemon (2019.05.10).srt,Doraemon 576.srt | Doraemon 540.srt
126192,Kanojo mo Kanojo,SubsPlease,possible_gave_up,0.458,starts near beginning and stops well before merged end,12,11,11,24,1,12,1,24,9,"1-2, 4-12",[SubsPlease] Kanojo mo Kanojo - 02 (1080p) [174F8121].ass | [SubsPlease] Kanojo mo Kanojo - 06 (1080p) [10068F5E].ass | [SubsPlease] Kanojo mo Kanojo - 03v2 (1080p) [A63C476C].ass,[SubsPlease] Kanojo mo Kanojo - 03v2 (1080p) [A63C476C].ass
166613,Jigokuraku 2nd Season,NanakoRaws,possible_gave_up,0.458,starts near beginning and stops well before merged end,22,22,11,24,1,11,1,25,11,1-11,[NanakoRaws] Jigokuraku S2 - 03 (TX 1920x1080 x265 AAC).srt | [NanakoRaws] Jigokuraku - S02E11 (AT-X TV 1080p HEVC AAC).ass | [NanakoRaws] Jigokuraku S2 - 05 (TX 1920x1080 x265 AAC).srt,
172355,Kamonohashi Ron no Kindan Suiri 2nd Season,NanakoRaws,possible_gave_up,0.458,starts near beginning and stops well before merged end,22,22,11,24,1,13,1,26,8,"1-3, 6-13",[NanakoRaws] Kamonohashi Ron no Kindan Suiri S2 - 10 (AT-X 1920x1080 x265 AAC).ass | [NanakoRaws] Kamonohashi Ron no Kindan Suiri S2 - 01 (AT-X 1920x1080 x265 AAC).ass | [NanakoRaws] Kamonohashi Ron no Kindan Suiri S2 - 07 (AT-X 1920x1080 x265 AAC).srt,
100179,Tada-kun wa Koi wo Shinai,Leopard-Raws,possible_gave_up,0.462,starts near beginning and stops well before merged end,6,6,6,13,1,6,1,13,6,1-6,[Leopard-Raws] Tada-kun wa Koi wo Shinai - 04 RAW (BS11 1280x720 x264 AAC).ass | [Leopard-Raws] Tada-kun wa Koi wo Shinai - 01 RAW (BS11 1280x720 x264 AAC).ass | [Leopard-Raws] Tada-kun wa Koi wo Shinai - 02 RAW (BS11 1280x720 x264 AAC).ass,
169295,BanG Dream! Ave Mujica,JPTV+,possible_gave_up,0.462,starts near beginning and stops well before merged end,12,12,6,13,1,7,1,13,3,"1-3, 5-7",[JPTV+] BanG Dream! Ave Mujica - 07 (AT-X).srt | [JPTV+] BanG Dream! Ave Mujica - 05 (AT-X).srt | [JPTV+] BanG Dream! Ave Mujica - 07 (AT-X).ass,
182300,Tsue to Tsurugi no Wistoria Season 2,NanakoRaws,possible_gave_up,0.467,starts near beginning and stops well before merged end,20,18,7,15,1,9,1,20,4,"1-3, 6-9",[NanakoRaws] Tsue to Tsurugi no Wistoria S02E09 (AT-X 1080p HEVC AAC).srt | [NanakoRaws] Tsue to Tsurugi no Wistoria S2 - 07 (AT-X 1080p HEVC AAC).ass | [NanakoRaws] Tsue to Tsurugi no Wistoria S02E09 (TBS 1080p HEVC AAC).srt,[NanakoRaws] Tsue to Tsurugi no Wistoria S2 - 05v2 (AT-X 1080p HEVC AAC).ass | [NanakoRaws] Tsue to Tsurugi no Wistoria S2 - 05v2 (AT-X 1080p HEVC AAC).srt
178434,"Tensei Kizoku, Kantei Skill de Nariagaru 2nd Season",NanakoRaws,possible_gave_up,0.478,starts near beginning and stops well before merged end,24,24,11,23,1,12,1,24,7,"1-4, 6-12","[NanakoRaws] Tensei Kizoku, Kantei Skill de Nariagaru S2 - 03 (AT-X 1920x1080 x265 AAC).ass | [NanakoRaws] Tensei Kizoku, Kantei Skill de Nariagaru S2 - 07 (BS-NTV 1920x1080 x265 AAC).srt | [NanakoRaws] Tensei Kizoku, Kantei Skill de Nariagaru S2 - 11 (AT-X 1920x1080 x265 AAC).srt",
169755,BLEACH: Sennen Kessen-hen - Soukoku-tan,NanakoRaws,possible_gave_up,0.480,starts near beginning and stops well before merged end,28,28,12,25,1,27,1,40,8,"1-3, 6-13, 27",[NanakoRaws] BLEACH Sennen Kessen-hen ~Soukoku-tan~ - 01 (AT-X 1920x1080 x265 AAC).srt | [NanakoRaws] Bleach - Sennen Kessen-hen - 27 (TVA 1920x1080 x264 AAC).srt | [NanakoRaws] BLEACH Sennen Kessen-hen ~Soukoku-tan~ - 09 (AT-X 1920x1080 x265 AAC).ass,
20799,JoJo no Kimyou na Bouken: Stardust Crusaders - Egypt-hen,Moozzi2,possible_gave_up,0.500,starts near beginning and stops well before merged end,24,24,24,48,1,24,1,48,24,1-24,[Moozzi2] JoJo no Kimyou na Bouken Stardust Crusaders Egypt Hen - 11 [ 35 ] (BD 1920x1080 x265-10Bit 2Audio).srt | [Moozzi2] JoJo no Kimyou na Bouken Stardust Crusaders Egypt Hen - 16 [ 40 ] (BD 1920x1080 x265-10Bit 2Audio).srt | [Moozzi2] JoJo no Kimyou na Bouken Stardust Crusaders Egypt Hen - 21 [ 45 ] (BD 1920x1080 x265-10Bit 2Audio).srt,
176301,Kusuriya no Hitorigoto 2nd Season,shincaps,possible_gave_up,0.500,starts near beginning and stops well before merged end,48,48,24,48,1,24,1,48,24,1-24,[shincaps] Kusuriya no Hitorigoto 2nd Season - 14 (AT-X 1440x1080 MPEG2 AAC).srt | [shincaps] Kusuriya no Hitorigoto 2nd Season - 11 (AT-X 1440x1080 MPEG2 AAC).srt | [shincaps] Kusuriya no Hitorigoto 2nd Season - 24 (AT-X 1440x1080 MPEG2 AAC).ass,
176301,Kusuriya no Hitorigoto 2nd Season,NanakoRaws,possible_gave_up,0.500,starts near beginning and stops well before merged end,50,50,24,48,1,24,1,48,24,1-24,[NanakoRaws] Kusuriya no Hitorigoto S2 - 15 (NTV 1920x1080 x265 AAC).ass | [NanakoRaws] Kusuriya no Hitorigoto S2 - 14 (NTV 1920x1080 x265 AAC).ass | [NanakoRaws] Kusuriya no Hitorigoto S2 - 10 (NTV 1920x1080 x265 AAC).srt,
171637,Rurouni Kenshin: Meiji Kenkaku Romantan - Kyoto Douran,NanakoRaws,possible_gave_up,0.500,starts near beginning and stops well before merged end,45,45,23,46,1,23,1,47,23,1-23,[NanakoRaws] Rurouni Kenshin -Meiji Kenkaku Romantan- Kyoto Douran - 19 (CX 1920x1080 x265 AAC).srt | [NanakoRaws] Rurouni Kenshin -Meiji Kenkaku Romantan- Kyoto Douran - 09 (ANIMAX 1920x1080 x265 AAC).srt | [NanakoRaws] Rurouni Kenshin -Meiji Kenkaku Romantan- Kyoto Douran - 08 (WEB-DL 1920x1080 x264 AAC).srt,
110277,Shingeki no Kyojin: The Final Season,Trix,possible_gave_up,0.500,starts near beginning and stops well before merged end,16,16,16,32,1,16,1,75,16,1-16,[Trix] Shingeki no Kyojin S04E05 (64) (BD 1080p AV1) [6E90DFB8].srt | [Trix] Shingeki no Kyojin S04E01 (60) (BD 1080p AV1) [76D3B820].srt | [Trix] Shingeki no Kyojin S04E06 (65) (BD 1080p AV1) [7C7FBB48].srt,
110277,Shingeki no Kyojin: The Final Season,Judas,possible_gave_up,0.500,starts near beginning and stops well before merged end,16,16,16,32,1,16,1,75,16,1-16,[Judas] Shingeki no Kyojin - S04E14.srt | [Judas] Shingeki no Kyojin - S04E03.srt | [Judas] 進撃の巨人 S4 - 11 - [1080p HEVC x265 10bit].srt,
163134,Re:Zero kara Hajimeru Isekai Seikatsu 3rd Season,NanakoRaws,possible_gave_up,0.500,starts near beginning and stops well before merged end,32,32,16,32,1,16,1,66,16,1-16,[NanakoRaws] Re Zero kara Hajimeru Isekai Seikatsu S3 - 16 END (AT-X 1920x1080 x265 AAC).ass | [NanakoRaws] Re Zero kara Hajimeru Isekai Seikatsu S3 - 08 (AT-X 1920x1080 x264 AAC).srt | [NanakoRaws] Re Zero kara Hajimeru Isekai Seikatsu S3 - 13 (AT-X 1920x1080 x265 AAC).ass,
4382,Suzumiya Haruhi no Yuuutsu (2009),Haruhana,possible_gave_up,0.500,starts near beginning and stops well before merged end,28,28,14,28,1,14,1,28,14,1-14,"[Haruhana] Suzumiya Haruhi no Yuutsu - 06 [BDRip][HEVC-10bit 1080p][CHS, JPN].ass | [Haruhana] Suzumiya Haruhi no Yuutsu - 01 [BDRip][HEVC-10bit 1080p][CHS, JPN].ass | [Haruhana] Suzumiya Haruhi no Yuutsu - 10 [BDRip][HEVC-10bit 1080p][CHS, JPN].ass",
101925,Gintama.: Shirogane no Tamashii-hen - Kouhan-sen,(no leading group),possible_gave_up,0.500,starts near beginning and stops well before merged end,14,14,14,28,1,14,1,367,14,1-14,銀魂.S11E06.無職は何者にも染まらない.WEBRip.Netflix.ja[cc].srt | 銀魂.S11E01.悪事をはたらきながら善事をはたらくいきもの.WEBRip.Netflix.ja[cc].srt | 銀魂.S11E07.切り札はとっておけ.WEBRip.Netflix.ja[cc].srt,
14813,Yahari Ore no Seishun Love Come wa Machigatteiru.,Kamigami&VCB-Studio,possible_gave_up,0.500,starts near beginning and stops well before merged end,26,26,13,26,1,13,1,26,13,1-13,"[Kamigami&VCB-Studio] Yahari Ore no Seishun Lovecome wa Machigatte Iru. [05][Ma10p 1080p][x265 flac aac][CHS, JPN].ass | [Kamigami&VCB-Studio] Yahari Ore no Seishun Lovecome wa Machigatte Iru. [03][Ma10p 1080p][x265 flac aac][JPN].ass | [Kamigami&VCB-Studio] Yahari Ore no Seishun Lovecome wa Machigatte Iru. [06][Ma10p 1080p][x265 flac][JPN].ass",
14813,Yahari Ore no Seishun Love Come wa Machigatteiru.,Leopard-Raws,possible_gave_up,0.500,starts near beginning and stops well before merged end,13,13,13,26,1,13,1,26,13,1-13,[Leopard-Raws] Yahari Ore no Seishun Love Come wa Machigatteiru. - 02 RAW (TBS 1280x720 x264 AAC).srt | [Leopard-Raws] Yahari Ore no Seishun Love Come wa Machigatteiru. - 05 RAW (TBS 1280x720 x264 AAC).srt | [Leopard-Raws] Yahari Ore no Seishun Love Come wa Machigatteiru. - 13 END (TBS 1280x720 x264 AAC).srt,
97888,Baki,(no leading group),possible_gave_up,0.500,starts near beginning and stops well before merged end,26,26,13,26,1,13,1,26,13,1-13,バキ.S01E09.神心会激震!!.WEBRip.Netflix.ja[cc].srt | バキ.S02E08.制裁.WEBRip.Netflix.ja[cc].srt | バキ.S02E13.大擂台賽.WEBRip.Netflix.ja[cc].srt,
99714,Gintama.: Porori-hen,(no leading group),possible_gave_up,0.500,starts near beginning and stops well before merged end,13,13,13,26,1,13,1,341,13,1-13,銀魂.S09E05.生と死のグラサン 全ての答えは現場にある.WEBRip.Netflix.ja[cc].srt | 銀魂.S09E03.一杯のラーメン.WEBRip.Netflix.ja[cc].srt | 銀魂.S09E04.一つのかぞく.WEBRip.Netflix.ja[cc].srt,
177937,SPY×FAMILY Season 3,NanakoRaws,possible_gave_up,0.500,starts near beginning and stops well before merged end,52,52,13,26,1,13,1,50,13,1-13,[NanakoRaws] Spy x Family S3 - 06 (WEB-DL 1920x1080 x264 AAC).srt | [NanakoRaws] Spy x Family S3 - 01 (TX 1920x1080 x265 AAC).srt | [NanakoRaws] Spy x Family S3 - 09 (BS-TX 4K 3840x2160 x265 AAC).ass,
7592,Nurarihyon no Mago,HR,possible_gave_up,0.500,starts near beginning and stops well before merged end,12,12,12,24,1,12,1,24,12,1-12,[HR] Nurarihyon no Mago 09 [1080p][x265].ass | [HR] Nurarihyon no Mago 06 [1080p][x265].ass | [HR] Nurarihyon no Mago 03 [1080p][x265].ass,
20958,Shingeki no Kyojin 2,Judas,possible_gave_up,0.500,starts near beginning and stops well before merged end,12,12,12,24,1,12,1,37,12,1-12,[Judas] Shingeki no Kyojin S2 - 12.srt | [Judas] Shingeki no Kyojin S2 - 02.srt | [Judas] Shingeki no Kyojin S2 - 10.srt,
20958,Shingeki no Kyojin 2,Trix,possible_gave_up,0.500,starts near beginning and stops well before merged end,12,12,12,24,1,12,1,37,12,1-12,[Trix] Shingeki no Kyojin S02E03 (28) (BD 1080p AV1) [70EA6602].srt | [Trix] Shingeki no Kyojin S02E09 (34) (BD 1080p AV1) [1650876A].srt | [Trix] Shingeki no Kyojin S02E07 (32) (BD 1080p AV1) [13AD900E].srt,
20958,Shingeki no Kyojin 2,Kamigami,possible_gave_up,0.500,starts near beginning and stops well before merged end,12,12,12,24,1,12,1,37,12,1-12,[Kamigami] Attack on Titan S2 - 02 [1080p x265 Ma10p AAC].ass | [Kamigami] Attack on Titan S2 - 09 [1080p x265 Ma10p AAC].ass | [Kamigami] Attack on Titan S2 - 11 [1080p x265 Ma10p AAC].ass,
20993,Owari no Seraph: Nagoya Kessen-hen,Erai-raws,possible_gave_up,0.500,starts near beginning and stops well before merged end,12,12,12,24,1,12,1,24,12,1-12,[Erai-raws] Owari no Seraph - Nagoya Kessen Hen - 06 [1080p][JPN][5753E2A2].ass | [Erai-raws] Owari no Seraph - Nagoya Kessen Hen - 12 [1080p][JPN][2BC0785C].ass | [Erai-raws] Owari no Seraph - Nagoya Kessen Hen - 04 [1080p][JPN][4B95B715].ass,
99147,Shingeki no Kyojin 3,Judas,possible_gave_up,0.500,starts near beginning and stops well before merged end,12,12,12,24,1,12,1,49,12,1-12,[Judas] Shingeki no Kyojin S3 - 04.srt | [Judas] Shingeki no Kyojin S3 - 06.srt | [Judas] Shingeki no Kyojin S3 - 02.srt,
99147,Shingeki no Kyojin 3,Trix,possible_gave_up,0.500,starts near beginning and stops well before merged end,12,12,12,24,1,12,1,49,12,1-12,[Trix] Shingeki no Kyojin S03E01 (38) (BD 1080p AV1) [38B084D8].srt | [Trix] Shingeki no Kyojin S03E12 (49) (BD 1080p AV1) [A687DE1F].srt | [Trix] Shingeki no Kyojin S03E07 (44) (BD 1080p AV1) [4E50E9CC].srt,
99423,Darling in the Franxx,NoBody,possible_gave_up,0.500,starts near beginning and stops well before merged end,12,12,12,24,1,12,1,24,12,1-12,[NoBody][DARLING in the FRANXX][10][BDRip][1920x1080 AVC FLACx2].chs&jpn.ass | [NoBody][DARLING in the FRANXX][04][BDRip][1920x1080 AVC FLACx2].chs&jpn.ass | [NoBody][DARLING in the FRANXX][07][BDRip][1920x1080 AVC FLACx2].chs&jpn.ass,
100784,Gintama.: Shirogane no Tamashii-hen,(no leading group),possible_gave_up,0.500,starts near beginning and stops well before merged end,12,12,12,24,1,12,1,353,12,1-12,銀魂.S10E06.無駄を覚えた機械を人間という.WEBRip.Netflix.ja[cc].srt | 銀魂.S10E11.平和と破滅は表裏一体.WEBRip.Netflix.ja[cc].srt | 銀魂.S10E04.しぶといとしつこいは紙一重.WEBRip.Netflix.ja[cc].srt,
103049,Piano no Mori 2 (TV),Erai-raws,possible_gave_up,0.500,starts near beginning and stops well before merged end,12,12,12,24,1,12,1,24,12,1-12,[Erai-raws] Piano no Mori (TV) 2nd Season - 11 [720p][JPN].ass | [Erai-raws] Piano no Mori (TV) 2nd Season - 08 [720p][JPN].ass | [Erai-raws] Piano no Mori (TV) 2nd Season - 10 [720p][JPN].ass,
111048,Kengan Ashura Part 2,(no leading group),possible_gave_up,0.500,starts near beginning and stops well before merged end,12,12,12,24,1,12,1,24,12,1-12,ケンガンアシュラ.S02E01.信念.WEBRip.Netflix.ja[cc].srt | ケンガンアシュラ.S02E04.羅刹.WEBRip.Netflix.ja[cc].srt | ケンガンアシュラ.S02E12.親父.WEBRip.Netflix.ja[cc].srt,
114194,BEASTARS 2,Erai-raws,possible_gave_up,0.500,starts near beginning and stops well before merged end,12,12,12,24,1,12,1,24,12,1-12,[Erai-raws] Beastars 2nd Season - 02 [1080p][JPN][1D0C6CF0].ass | [Erai-raws] Beastars 2nd Season - 05 [1080p][JPN][9EE7A542].ass | [Erai-raws] Beastars 2nd Season - 03 [1080p][JPN][24A189D8].ass,
124410,"Kanojo, Okarishimasu 2nd Season",(no leading group),possible_gave_up,0.500,starts near beginning and stops well before merged end,12,12,12,24,1,12,1,24,12,1-12,彼女、お借りします.S02E02.「いつもの彼女」-オフカノ-.WEBRip.Netflix.ja[cc].srt | 彼女、お借りします.S02E03.「再来の彼女」-サイカノ-.WEBRip.Netflix.ja[cc].srt | 彼女、お借りします.S02E11.「お饗しと彼女」-モテカノ-.WEBRip.Netflix.ja[cc].srt,
126192,Kanojo mo Kanojo,Nekomoe kissaten&LoliHouse,possible_gave_up,0.500,starts near beginning and stops well before merged end,12,12,12,24,1,12,1,24,12,1-12,[Nekomoe kissaten&LoliHouse] Kanojo mo Kanojo - 08 [WebRip 1080p HEVC-10bit AAC ASSx2][CHS. JPN].ass | [Nekomoe kissaten&LoliHouse] Kanojo mo Kanojo - 11 [WebRip 1080p HEVC-10bit AAC ASSx2][CHS. JPN].ass | [Nekomoe kissaten&LoliHouse] Kanojo mo Kanojo - 02 [WebRip 1080p HEVC-10bit AAC ASSx2][CHS. JPN].ass,
136430,VINLAND SAGA SEASON 2,(no leading group),possible_gave_up,0.500,starts near beginning and stops well before merged end,61,61,12,24,1,12,1,24,12,1-12,ヴィンランド・サガ.S02E03.蛇.WEBRip.Amazon.ja-jp.srt | Vinland Saga SEASON 2 - 14 (AT-X 1280x720 x264 AAC).srt | Vinland Saga SEASON 2 - 01 (AT-X 1280x720 x264 AAC).ass,
142984,"Komi-san wa, Komyushou desu. 2",Erai-raws,possible_gave_up,0.500,starts near beginning and stops well before merged end,12,12,12,24,1,12,1,24,12,1-12,[Erai-raws] Komi-san wa Komyushou Desu 2nd Season - 11 [1080p NF WEB-DL AVC AAC][JPN][05801855].ass | [Erai-raws] Komi-san wa Komyushou Desu 2nd Season - 06 [1080p NF WEB-DL AVC AAC][JPN][E8617C6E].ass | [Erai-raws] Komi-san wa Komyushou Desu 2nd Season - 12 [1080p NF WEB-DL AVC AAC][JPN][5C5F826B].ass,
153800,One Punch Man 3,NanakoRaws,possible_gave_up,0.500,starts near beginning and stops well before merged end,50,46,12,24,1,12,1,36,12,1-12,[NanakoRaws] One-Punch Man S3 - 07 (BS-TX 4K 3840x2160 x265 AAC).ass | [NanakoRaws] One-Punch Man S3 - 03 (BS-TX 4K 3840x2160 x265 AAC).srt | [NanakoRaws] One-Punch Man S3 - 07 (TX 1920x1080 x265 AAC).srt,[NanakoRaws] One-Punch Man S3 - 10v2 (BS-TX 4K 3840x2160 x265 AAC).ass | [NanakoRaws] One-Punch Man S3 - 00 pre-air (TX 1920x1080 x265 AAC).ass | [NanakoRaws] One-Punch Man S3 - 00 pre-air (TX 1920x1080 x265 AAC).srt
155158,Kidou Senshi Gundam: Suisei no Majo Season 2,NanakoRaws,possible_gave_up,0.500,starts near beginning and stops well before merged end,24,24,12,24,1,12,1,24,12,1-12,[NanakoRaws] Kidou Senshi Gundam Suisei no Majo S2 - 11 (1080p).ass | [NanakoRaws] Kidou Senshi Gundam Suisei no Majo S2 - 05 (1080p).srt | [NanakoRaws] Kidou Senshi Gundam Suisei no Majo S2 - 12 END (1080p).srt,
166477,Megami no Café Terrace 2nd Season,NanakoRaws,possible_gave_up,0.500,starts near beginning and stops well before merged end,26,24,12,24,1,12,1,24,12,1-12,[NanakoRaws] Megami no Cafe Terrace S2 - 10 (BS-NTV 1920x1080 x265 AAC).srt | [NanakoRaws] Megami no Café Terrace S2 - 04 (TBS 1920x1080 x264 AAC).srt | [NanakoRaws] Megami no Café Terrace S2 - 03 (BS-NTV 1920x1080 x265 AAC).srt,[NanakoRaws] Megami no Café Terrace S2 - 05v0 (TBS 1920x1080 x264 AAC).ass | [NanakoRaws] Megami no Café Terrace S2 - 05v0 (TBS 1920x1080 x264 AAC).srt
166610,MASHLE: Kami Shinkakusha Kouho Senbatsu Shiken-hen,DBD-Raws,possible_gave_up,0.500,starts near beginning and stops well before merged end,12,12,12,24,1,12,1,24,12,1-12,[DBD-Raws][Mashle Shinkakusha Kouho Senbatsu Shiken Hen][07][1080P][BDRip][HEVC-10bit][FLACx2].srt | [DBD-Raws][Mashle Shinkakusha Kouho Senbatsu Shiken Hen][09][1080P][BDRip][HEVC-10bit][FLACx2].srt | [DBD-Raws][Mashle Shinkakusha Kouho Senbatsu Shiken Hen][11][1080P][BDRip][HEVC-10bit][FLACx2].srt,
166613,Jigokuraku 2nd Season,shincaps,possible_gave_up,0.500,starts near beginning and stops well before merged end,24,24,12,24,1,12,1,25,12,1-12,[shincaps] Jigokuraku 2nd Season - 08 (AT-X 1440x1080 MPEG2 AAC).ass | [shincaps] Jigokuraku 2nd Season - 12 (AT-X 1440x1080 MPEG2 AAC).srt | [shincaps] Jigokuraku 2nd Season - 04 (AT-X 1440x1080 MPEG2 AAC).srt,
170577,Tondemo Skill de Isekai Hourou Meshi 2,NanakoRaws,possible_gave_up,0.500,starts near beginning and stops well before merged end,24,24,12,24,1,12,1,24,12,1-12,[NanakoRaws] Tondemo Skill de Isekai Hourou Meshi S2 - 04 (AT-X 1920x1080 x265 AAC).srt | [NanakoRaws] Tondemo Skill de Isekai Hourou Meshi S2 - 03 (TX 1920x1080 x265 AAC).srt | [NanakoRaws] Tondemo Skill de Isekai Hourou Meshi S2 - 07 (AT-X 1920x1080 x265 AAC).ass,
171642,MF Ghost 2nd Season,NanakoRaws,possible_gave_up,0.500,starts near beginning and stops well before merged end,34,34,12,24,1,12,1,24,12,1-12,[NanakoRaws] MF Ghost S2 - 06 (BS-ANIMAX 1920x1080 x265 AAC).srt | [NanakoRaws] MF Ghost S2 - 02 (ANIMAX 1920x1080 x265 AAC).ass | [NanakoRaws] MF Ghost S2 - 05 (ANIMAX 1920x1080 x265 AAC).srt,
171748,SHY: Tokyo Dakkan-hen,NanakoRaws,possible_gave_up,0.500,starts near beginning and stops well before merged end,26,26,12,24,1,12,1,24,12,1-12,[NanakoRaws] Shy S2 - 12 END (AT-X 1920x1080 x265 AAC).ass | [NanakoRaws] Shy S2 - 08 (TX 1920x1080 x264 AAC).srt | [NanakoRaws] Shy S2 - 04 (BS4 1920x1080 x264 AAC).srt,
172199,Kamierabi GOD.app Season 2,NanakoRaws,possible_gave_up,0.500,starts near beginning and stops well before merged end,23,23,12,24,1,12,1,24,12,1-12,[NanakoRaws] KamiErabi GOD.app S2 - 10 (AT-X 1920x1080 x265 AAC).srt | [NanakoRaws] KamiErabi GOD.app S2 - 02 (AT-X 1920x1080 x265 AAC).ass | [NanakoRaws] KamiErabi GOD.app S2 - 01 (AT-X 1920x1080 x265 AAC).ass,
172463,Jujutsu Kaisen: Shimetsu Kaiyuu - Zenpen,NanakoRaws,possible_gave_up,0.500,starts near beginning and stops well before merged end,26,26,12,24,1,12,1,59,12,1-12,[NanakoRaws] Jujutsu Kaisen S3 - 05 (TBS 1920x1080 x265 AAC).srt | [NanakoRaws] Jujutsu Kaisen S3 - 06 (TBS 1920x1080 x265 AAC).srt | [NanakoRaws] Jujutsu Kaisen - S03E07 (TV 1080p HEVC AAC).ass,
172463,Jujutsu Kaisen: Shimetsu Kaiyuu - Zenpen,shincaps,possible_gave_up,0.500,starts near beginning and stops well before merged end,34,34,12,24,1,12,1,59,12,1-12,[shincaps] Jujutsu Kaisen 3rd Season - 05 (AT-X 1440x1080 MPEG2 AAC).ass | [shincaps] Jujutsu Kaisen 3rd Season - 10 (AT-X 1440x1080 MPEG2 AAC).ass | [shincaps] Jujutsu Kaisen 3rd Season - 02 (BS-NTV 1440x1080 MPEG2 AAC).srt,
174654,NEET Kunoichi to Naze ka Dousei Hajimemashita,(no leading group),possible_gave_up,0.500,starts near beginning and stops well before merged end,18,18,12,24,1,12,1,24,12,1-12,ニートくノ一となぜか同棲はじめました.S01E02. 02 なぜか変態気質のくノ一が来ました.WEBRip.Amazon.ja-jp[sdh].srt | ニートくノ一となぜか同棲はじめました.S01E12. 12 なぜかニートをやめることになりました.WEBRip.Amazon.ja-jp[sdh].srt | ニートくノ一となぜか同棲はじめました.S01E11. 11 なぜかメイドなくノ一が爆誕しました.WEBRip.Amazon.ja-jp[sdh].srt,
178090,"Tensei Shitara Dai Nana Ouji Dattanode, Kimamani Majutsu wo Kiwamemasu 2nd Season",shincaps,possible_gave_up,0.500,starts near beginning and stops well before merged end,24,24,12,24,1,12,1,24,12,1-12,"[shincaps] Tensei Shitara Dainana Ouji Datta no de, Kimama ni Majutsu wo Kiwamemasu 2nd Season - 05 (AT-X 1440x1080 MPEG2 AAC).ass | [shincaps] Tensei Shitara Dainana Ouji Datta no de, Kimama ni Majutsu wo Kiwamemasu 2nd Season - 12 (AT-X 1440x1080 MPEG2 AAC).ass | [shincaps] Tensei Shitara Dainana Ouji Datta no de, Kimama ni Majutsu wo Kiwamemasu 2nd Season - 04 (AT-X 1440x1080 MPEG2 AAC).srt",
178090,"Tensei Shitara Dai Nana Ouji Dattanode, Kimamani Majutsu wo Kiwamemasu 2nd Season",NanakoRaws,possible_gave_up,0.500,starts near beginning and stops well before merged end,24,24,12,24,1,12,1,24,12,1-12,[NanakoRaws] Dainanaoji S2 - 06 (TX 1920x1080 x265 AAC).srt | [NanakoRaws] Dainanaoji S2 - 11 (TX 1920x1080 x265 AAC).srt | [NanakoRaws] Dainanaoji S2 - 09 (TX 1920x1080 x265 AAC).ass,
178550,Unnamed Memory Act.2,NanakoRaws,possible_gave_up,0.500,starts near beginning and stops well before merged end,24,24,12,24,1,12,1,24,12,1-12,[NanakoRaws] Unnamed Memory S2 - 10 (AT-X 1920x1080 x265 AAC).ass | [NanakoRaws] Unnamed Memory S2 - 05 (AT-X 1920x1080 x265 AAC).ass | [NanakoRaws] Unnamed Memory S2 - 10 (AT-X 1920x1080 x265 AAC).srt,
178680,WIND BREAKER Season 2,NanakoRaws,possible_gave_up,0.500,starts near beginning and stops well before merged end,24,24,12,24,1,12,1,25,12,1-12,[NanakoRaws] Wind Breaker S2 - 08 (TBS 1920x1080 x265 AAC).ass | [NanakoRaws] Wind Breaker S2 - 10 (TBS 1920x1080 x265 AAC).srt | [NanakoRaws] Wind Breaker S2 - 04 (TBS 1920x1080 x265 AAC).srt,
185660,Dandadan 2nd Season,shincaps,possible_gave_up,0.500,starts near beginning and stops well before merged end,24,24,12,24,1,12,1,24,12,1-12,[shincaps] Dandadan 2nd Season - 08 (AT-X 1440x1080 MPEG2 AAC).srt | [shincaps] Dandadan 2nd Season - 11 (AT-X 1440x1080 MPEG2 AAC).ass | [shincaps] Dandadan 2nd Season - 06 (AT-X 1440x1080 MPEG2 AAC).ass,
185660,Dandadan 2nd Season,NanakoRaws,possible_gave_up,0.500,starts near beginning and stops well before merged end,32,30,12,24,1,12,1,24,12,1-12,[NanakoRaws] Dandadan S2 - 10 (TBS 1920x1080 x265 AAC).srt | [NanakoRaws] Dandadan S2 - 07 (TBS 1920x1080 x265 AAC).ass | [NanakoRaws] Dandadan S2 - 03 (TBS 1920x1080 x265 AAC).srt,[NanakoRaws] Dandadan S2 - SP (TBS 1920x1080 x265 AAC).srt | [NanakoRaws] Dandadan S2 - SP (TBS 1920x1080 x265 AAC).ass
185731,Ranma 1/2 (2024) 2nd Season,NanakoRaws,possible_gave_up,0.500,starts near beginning and stops well before merged end,21,21,12,24,1,12,1,24,12,1-12,[NanakoRaws] Ranma ½ (2024) S2 - 06 (NTV 1920x1080 x265 AAC).srt | [NanakoRaws] Ranma ½ (2024) S2 - 11 (NTV 1920x1080 x265 AAC).srt | [NanakoRaws] Ranma ½ (2024) S2 - 07 (NTV 1920x1080 x265 AAC).srt,
185755,Puniru wa Kawaii Slime 2nd Season,NanakoRaws,possible_gave_up,0.500,starts near beginning and stops well before merged end,24,24,12,24,1,12,1,24,12,1-12,[NanakoRaws] Puniru wa Kawaii Slime S2 - 04 (TX 1920x1080 x265 AAC).srt | [NanakoRaws] Puniru wa Kawaii Slime S2 - 10 (TX 1920x1080 x265 AAC).ass | [NanakoRaws] Puniru wa Kawaii Slime S2 - 02 (TX 1920x1080 x265 AAC).ass,
185755,Puniru wa Kawaii Slime 2nd Season,shincaps,possible_gave_up,0.500,starts near beginning and stops well before merged end,24,24,12,24,1,12,1,24,12,1-12,[shincaps] Puniru wa Kawaii Slime 2nd Season - 07 (AT-X 1440x1080 MPEG2 AAC).srt | [shincaps] Puniru wa Kawaii Slime 2nd Season - 06 (AT-X 1440x1080 MPEG2 AAC).ass | [shincaps] Puniru wa Kawaii Slime 2nd Season - 10 (AT-X 1440x1080 MPEG2 AAC).srt,
176292,Nanatsu no Taizai: Mokushiroku no Yonkishi 2nd Season,NanakoRaws,possible_gave_up,0.500,starts near beginning and stops well before merged end,15,15,11,22,1,12,1,34,7,"1-4, 6-12",[NanakoRaws] Nanatsu no Taizai Mokushiroku no Yonkishi S2 - 10 (CBC 1920x1080 x264 AAC).srt | [NanakoRaws] Nanatsu no Taizai Mokushiroku no Yonkishi S2 - 04 (WEB-DL 1920x1080 x264 AAC).sdh.srt | [NanakoRaws] Nanatsu no Taizai Mokushiroku no Yonkishi S2 - 11 (CBC 1920x1080 x264 AAC).srt,
181182,Shoushimin Series 2nd Season,NanakoRaws,possible_gave_up,0.500,starts near beginning and stops well before merged end,22,22,11,22,2,12,1,22,11,2-12,[NanakoRaws] Shoushimin Series S2 - 04 (EX 1920x1080 x265 AAC).ass | [NanakoRaws] Shoushimin Series S2 - 05 (EX 1920x1080 x265 AAC).srt | [NanakoRaws] Shoushimin Series S2 - 06 (EX 1920x1080 x265 AAC).srt,
181182,Shoushimin Series 2nd Season,shincaps,possible_gave_up,0.500,starts near beginning and stops well before merged end,22,22,11,22,1,11,1,22,11,1-11,[shincaps] Shoushimin Series 2nd Season - 07 (CS-EX1 1440x1080 MPEG2 AAC).ass | [shincaps] Shoushimin Series 2nd Season - 01 (CS-EX1 1440x1080 MPEG2 AAC).srt | [shincaps] Shoushimin Series 2nd Season - 04 (CS-EX1 1440x1080 MPEG2 AAC).ass,
182587,[Oshi no Ko] 3rd Season,NanakoRaws,possible_gave_up,0.500,starts near beginning and stops well before merged end,22,22,11,22,1,11,1,35,11,1-11,[NanakoRaws] Oshi no Ko - S03E09 (TV 1920x1080 x265 AAC).ass | [NanakoRaws] Oshi no Ko - S03E10 (TV 1920x1080 x265 AAC).srt | [NanakoRaws] Oshi no Ko - S03E10 (TV 1920x1080 x265 AAC).ass,
182587,[Oshi no Ko] 3rd Season,shincaps,possible_gave_up,0.500,starts near beginning and stops well before merged end,22,22,11,22,1,11,1,35,11,1-11,[shincaps] Oshi no Ko 3rd Season - 11 (AT-X 1440x1080 MPEG2 AAC).ass | [shincaps] Oshi no Ko 3rd Season - 06 (AT-X 1440x1080 MPEG2 AAC).srt | [shincaps] Oshi no Ko 3rd Season - 03 (AT-X 1440x1080 MPEG2 AAC).ass,
182896,Boku no Hero Academia FINAL SEASON,NanakoRaws,possible_gave_up,0.500,starts near beginning and stops well before merged end,17,17,11,22,1,11,1,170,11,1-11,[NanakoRaws] Boku no Hero Academia S8 - 02 (NTV 1920x1080 x265 AAC).srt | [NanakoRaws] Boku no Hero Academia S8 - 03 (NTV 1920x1080 x265 AAC).ass | [NanakoRaws] Boku no Hero Academia S8 - 05 (NTV 1920x1080 x265 AAC).ass,
184237,SAKAMOTO DAYS Part 2,shincaps,possible_gave_up,0.500,starts near beginning and stops well before merged end,22,22,11,22,1,11,1,22,11,1-11,[shincaps] SAKAMOTO DAYS 2nd Cour - 05 (AT-X 1440x1080 MPEG2 AAC).srt | [shincaps] SAKAMOTO DAYS 2nd Cour - 11 (AT-X 1440x1080 MPEG2 AAC).srt | [shincaps] SAKAMOTO DAYS 2nd Cour - 11 (AT-X 1440x1080 MPEG2 AAC).ass,
185801,Nageki no Bourei wa Intai Shitai 2,shincaps,possible_gave_up,0.500,starts near beginning and stops well before merged end,22,22,11,22,1,11,1,24,11,1-11,[shincaps] Nageki no Bourei wa Intai Shitai 2nd Cour - 08 (AT-X 1440x1080 MPEG2 AAC).srt | [shincaps] Nageki no Bourei wa Intai Shitai 2nd Cour - 09 (AT-X 1440x1080 MPEG2 AAC).ass | [shincaps] Nageki no Bourei wa Intai Shitai 2nd Cour - 08 (AT-X 1440x1080 MPEG2 AAC).ass,
181078,"Bye Bye, Earth Season 2",NanakoRaws,possible_gave_up,0.500,starts near beginning and stops well before merged end,20,20,10,20,1,10,1,20,10,1-10,"[NanakoRaws] Bye Bye, Earth S2 - 09 (WOWOW 1920x1080 x265 AAC).srt | [NanakoRaws] Bye Bye, Earth S2 - 03 (WOWOW 1920x1080 x265 AAC).ass | [NanakoRaws] Bye Bye, Earth S2 - 02 (WOWOW 1920x1080 x265 AAC).srt",
182255,Sousou no Frieren 2nd Season,shincaps,possible_gave_up,0.500,starts near beginning and stops well before merged end,20,20,10,20,1,10,1,38,10,1-10,[shincaps] Sousou no Frieren 2nd Season - 09 (AT-X 1440x1080 MPEG2 AAC).ass | [shincaps] Sousou no Frieren 2nd Season - 09 (AT-X 1440x1080 MPEG2 AAC).srt | [shincaps] Sousou no Frieren 2nd Season - 05 (AT-X 1440x1080 MPEG2 AAC).srt,
108581,Hi Score Girl II,Erai-raws,possible_gave_up,0.500,starts near beginning and stops well before merged end,9,9,9,18,1,9,1,24,9,1-9,[Erai-raws] High Score Girl II - 06 [720p][JPN].ass | [Erai-raws] High Score Girl II - 09 [720p][JPN].ass | [Erai-raws] High Score Girl II - 03 [720p][JPN].ass,
110686,HERO MASK part II,Erai-raws,possible_gave_up,0.500,starts near beginning and stops well before merged end,9,9,9,18,1,9,1,24,9,1-9,[Erai-raws] Hero Mask (2019) - 09 [720p][JPN].ass | [Erai-raws] Hero Mask (2019) - 01 [720p][JPN].ass | [Erai-raws] Hero Mask (2019) - 08 [720p][JPN].ass,
3467,Nogizaka Haruka no Himitsu,dmhy,possible_gave_up,0.500,starts near beginning and stops well before merged end,6,6,6,12,1,6,1,12,6,1-6,[dmhy][Nogizaka Haruka No Himitsu][DVD][Vol.02][Ep.03][AVC WavPack MP3][VFR][864x480][393764DD].jp.ass | [dmhy][Nogizaka Haruka No Himitsu][01][AVC AAC][VFR][1280x720][D8D85731].jp.ass | [dmhy][Nogizaka Haruka No Himitsu][DVD][Vol.03][Ep.06][AVC WavPack MP3][VFR][864x480][E2BCB8FD].jp.ass,
97832,citrus,Himato,possible_gave_up,0.500,starts near beginning and stops well before merged end,7,7,6,12,1,6,1,12,6,1-6,[Himato] Citrus - 01 [WebRip 1080p HEVC-10bit AAC][JPN].v2.ass | [Himato] Citrus - 03 [WebRip 1080p HEVC-10bit AAC][JPN].ass | [Himato] Citrus - 04 [WebRip 1080p HEVC-10bit AAC][JPN].ass,
100077,Hinamatsuri,DMG&Kamigami,possible_gave_up,0.500,starts near beginning and stops well before merged end,6,6,6,12,1,6,1,12,6,1-6,[DMG&Kamigami][Hinamatsuri][02][1080P Ma10P][HEVC AAC ASS](0CA89178).jp.ass | [DMG&Kamigami][Hinamatsuri][05][1080P Ma10P][HEVC AAC ASS](F8E6346D).jp.ass | [DMG&Kamigami][Hinamatsuri][04][1080P Ma10P][HEVC AAC ASS](9A7AE7C9).jp.ass,
100183,Sword Art Online Alternative: Gun Gale Online,NanakoRaws,possible_gave_up,0.500,starts near beginning and stops well before merged end,12,12,6,12,1,8,1,12,5,"1, 4-8",[NanakoRaws] Sword Art Online Alternative Gun Gale Online - 05 (AT-X 1920x1080 x265 AAC).srt | [NanakoRaws] Sword Art Online Alternative Gun Gale Online - 04 (AT-X 1920x1080 x264 AAC).srt | [NanakoRaws] Sword Art Online Alternative Gun Gale Online - 07 (AT-X 1920x1080 x265 AAC).ass,
107663,Kanata no Astra,(no leading group),possible_gave_up,0.500,starts near beginning and stops well before merged end,10,6,6,12,2,9,1,12,2,"2-3, 5-6, 8-9",Astra Lost in Space.S01E03.WEBRip.ja[cc].srt | Astra Lost in Space.S01E02.WEBRip.ja[cc].srt | Astra Lost in Space.S01E06.WEBRip.ja[cc].srt,Astra Lost in Space.S01E01a.WEBRip.ja[cc].srt | Astra Lost in Space.S01E12b.WEBRip.ja[cc].srt | Astra Lost in Space.S01E01b.WEBRip.ja[cc].srt
116588,"Sentouin, Hakenshimasu!",SubsPlease,possible_gave_up,0.500,starts near beginning and stops well before merged end,6,6,6,12,1,6,1,12,6,1-6,"[SubsPlease] Sentouin, Hakenshimasu! - 01 (1080p) [1842C077].jp.srt | [SubsPlease] Sentouin, Hakenshimasu! - 04 (1080p) [3E2397E3].jp.srt | [SubsPlease] Sentouin, Hakenshimasu! - 05 (1080p) [081FEB2A].jp.srt",
120859,Shakunetsu Kabaddi,SubsPlease,possible_gave_up,0.500,starts near beginning and stops well before merged end,6,6,6,12,1,6,1,12,6,1-6,[SubsPlease] Shakunetsu Kabaddi - 02 (1080p) [1678AEF4].jp.srt | [SubsPlease] Shakunetsu Kabaddi - 06 (1080p) [A09D71BF].jp.srt | [SubsPlease] Shakunetsu Kabaddi - 01 (1080p) [DCF9EA00].jp.srt,
157397,Yumemiru Danshi wa Genjitsushugisha,NanakoRaws,possible_gave_up,0.500,starts near beginning and stops well before merged end,12,12,6,12,1,7,1,12,4,"1-4, 6-7",[NanakoRaws] Yumemiru Danshi wa Genjitsushugisha - 02 (1080p).ass | [NanakoRaws] Yumemiru Danshi wa Genjitsushugisha - 03 (1080p).ass | [NanakoRaws] Yumemiru Danshi wa Genjitsushugisha - 02 (1080p).srt,
160831,GAMERA: Rebirth,(no leading group),possible_gave_up,0.500,starts near beginning and stops well before merged end,6,6,6,12,1,6,1,12,6,1-6,GAMERA..-Rebirth-.S01E06.幼年期の終わり.WEBRip.Netflix.ja[cc].srt | GAMERA..-Rebirth-.S01E02.地下水道.WEBRip.Netflix.ja[cc].srt | GAMERA..-Rebirth-.S01E01.東京上空.WEBRip.Netflix.ja[cc].srt,
162893,Ryza no Atelier: Tokoyami no Joou to Himitsu no Kakurega,NanakoRaws,possible_gave_up,0.500,starts near beginning and stops well before merged end,12,12,6,12,1,6,1,12,6,1-6,[NanakoRaws] Atelier Ryza - 02.ass | [NanakoRaws] Atelier Ryza - 01 (1080p).ass | [NanakoRaws] Atelier Ryza - 04 (1080p).ass,
166699,Okinawa de Suki ni Natta Ko ga Hougen Sugite Tsura Sugiru,JPTV+,possible_gave_up,0.500,starts near beginning and stops well before merged end,12,12,6,12,1,6,1,12,6,1-6,[JPTV+] 沖縄で好きになった子が方言すぎてツラすぎる - 02 (AT-X).ass | [JPTV+] 沖縄で好きになった子が方言すぎてツラすぎる - 05 (AT-X).ass | [JPTV+] 沖縄で好きになった子が方言すぎてツラすぎる - 01 (AT-X).srt,
173335,Kamitsubaki-shi Kensetsuchuu.,Observer Station&LoliHouse,possible_gave_up,0.500,starts near beginning and stops well before merged end,14,12,6,12,1,6,1,12,6,1-6,"[Observer Station&LoliHouse] Kamitsubaki City Under Construction - 01 [WebRip 1080p HEVC-10bit AAC ASSx2][JPN].ass | [Observer Station&LoliHouse] Kamitsubaki City Under Construction - 00 [WebRip 1080p HEVC-10bit AAC ASSx2][JPN].ass | [Observer Station&LoliHouse] Kamitsubaki City Under Construction - 00 [WebRip 1080p HEVC-10bit AAC ASSx2][CHS, JPN].ass","[Observer Station&LoliHouse] Kamitsubaki City Under Construction - 00 [WebRip 1080p HEVC-10bit AAC ASSx2][JPN].ass | [Observer Station&LoliHouse] Kamitsubaki City Under Construction - 00 [WebRip 1080p HEVC-10bit AAC ASSx2][CHS, JPN].ass"
174044,Mayonaka Punch,Nekomoe kissaten&LoliHouse,possible_gave_up,0.500,starts near beginning and stops well before merged end,12,12,6,12,1,6,1,12,6,1-6,"[Nekomoe kissaten&LoliHouse] Mayonaka Punch - 03 [WebRip][CHS, JPN].ass | [Nekomoe kissaten&LoliHouse] Mayonaka Punch - 02 [WebRip][JPN].ass | [Nekomoe kissaten&LoliHouse] Mayonaka Punch - 04 [WebRip][JPN].ass",
174596,Sorairo Utility (TV),JPTV+,possible_gave_up,0.500,starts near beginning and stops well before merged end,12,12,6,12,1,6,1,12,6,1-6,[JPTV+] 空色ユーティリティ - 03 (AT-X).ass | [JPTV+] 空色ユーティリティ - 06 (AT-X).srt | [JPTV+] 空色ユーティリティ - 05 (AT-X).ass,
177506,Izure Saikyou no Renkinjutsushi?,JPTV+,possible_gave_up,0.500,starts near beginning and stops well before merged end,12,12,6,12,1,6,1,12,6,1-6,[JPTV+] いずれ最強の錬金術師？ - 02 (AT-X).srt | [JPTV+] いずれ最強の錬金術師？ - 05 (AT-X).ass | [JPTV+] いずれ最強の錬金術師？ - 03 (AT-X).ass,
177552,Kuroiwa Medaka ni Watashi no Kawaii ga Tsuujinai,JPTV+,possible_gave_up,0.500,starts near beginning and stops well before merged end,12,12,6,12,2,7,1,12,6,2-7,[JPTV+] 黒岩メダカに私の可愛いが通じない - 03 (AT-X).srt | [JPTV+] 黒岩メダカに私の可愛いが通じない - 07 (AT-X).ass | [JPTV+] 黒岩メダカに私の可愛いが通じない - 05 (AT-X).ass,
179689,Salaryman ga Isekai ni Ittara Shitennou ni Natta Hanashi,JPTV+,possible_gave_up,0.500,starts near beginning and stops well before merged end,12,12,6,12,1,6,1,12,6,1-6,[JPTV+] サラリーマンが異世界に行ったら四天王になった話 - 04 (AT-X).srt | [JPTV+] サラリーマンが異世界に行ったら四天王になった話 - 06 (AT-X).srt | [JPTV+] サラリーマンが異世界に行ったら四天王になった話 - 02 (AT-X).ass,
179696,Kono Kaisha ni Suki na Hito ga Imasu,JPTV+,possible_gave_up,0.500,starts near beginning and stops well before merged end,12,12,6,12,1,6,1,12,6,1-6,[JPTV+] この会社に好きな人がいます - 05 (AT-X).srt | [JPTV+] この会社に好きな人がいます - 05 (AT-X).ass | [JPTV+] この会社に好きな人がいます - 02 (AT-X).ass,
166240,Kimetsu no Yaiba: Hashira Geiko-hen,SubsPlease,possible_gave_up,0.500,starts near beginning and stops well before merged end,4,4,4,8,1,4,1,8,4,1-4,[SubsPlease] Kimetsu no Yaiba - Hashira Geiko-hen - 04 (1080p) [9B5F5C36].srt | [SubsPlease] Kimetsu no Yaiba - Hashira Geiko-hen - 02 (1080p) [B8EC67A1].srt | [SubsPlease] Kimetsu no Yaiba - Hashira Geiko-hen - 03 (1080p) [0506D32B].srt,
1709,Pocket Monsters: Mewtwo! Ware wa Koko ni Ari,Kids Station,possible_gave_up,0.500,starts near beginning and stops well before merged end,3,3,3,6,1,3,1,65,3,1-3,[Kids Station] Pocket Monsters Mewtwo! Ware wa Koko ni Ari - 03.ass | [Kids Station] Pocket Monsters Mewtwo! Ware wa Koko ni Ari - 01.ass | [Kids Station] Pocket Monsters Mewtwo! Ware wa Koko ni Ari - 02.ass,
8086,Densetsu no Yuusha no Densetsu,(no leading group),possible_gave_up,0.500,starts near beginning and stops well before merged end,3,3,3,6,3,5,3,8,3,3-5,Densetsu no Yuusha no Densetsu 05.jp.ass | Densetsu no Yuusha no Densetsu 04.jp.ass | Densetsu no Yuusha no Densetsu 03.jp.ass,
104307,Hi Score Girl: EXTRA STAGE,Erai-raws,possible_gave_up,0.500,starts near beginning and stops well before merged end,3,3,3,6,1,3,1,15,3,1-3,[Erai-raws] High Score Girl - Extra Stage - 01 [720p][JPN].ass | [Erai-raws] High Score Girl - Extra Stage - 02 [720p][JPN].ass | [Erai-raws] High Score Girl - Extra Stage - 03 [720p][JPN].ass,
8964,Stitch!: Zutto Saikou no Tomodachi,Elitist Fags,possible_gave_up,0.517,starts near beginning and stops well before merged end,16,16,15,29,1,15,1,30,15,1-15,[Elitist Fags] Stitch! Zutto Saikou no Tomodachi - 15 [11-16 19-00-00] (TV ASAHI 1440x1080 MPEG2 TS).ass | [Elitist Fags] Stitch! Zutto Saikou no Tomodachi - 06 [08-10 19-00-00] (TV ASAHI 1440x1080 MPEG2 TS).ass | [Elitist Fags] Stitch! Zutto Saikou no Tomodachi - 14 [11-09 19-00-00] (TV ASAHI 1440x1080 MPEG2 TS).ass,
5941,Cross Game,POPGO,possible_gave_up,0.520,starts near beginning and stops well before merged end,26,26,26,50,1,26,1,50,26,1-26,[POPGO][CROSS GAME][23][1080P][x264 aac][GB JP][8BA4ACAA].jp.ass | [POPGO][CROSS GAME][25][1080P][x264 aac][GB JP][CDCEB554].jp.ass | [POPGO][CROSS GAME][20][1080P][x264 aac][GB JP][CC561554].jp.ass,
20792,Fate/stay night: Unlimited Blade Works 2nd Season,(no leading group),possible_gave_up,0.520,starts near beginning and stops well before merged end,13,13,13,25,1,13,1,25,13,1-13,Fate／stay night： Unlimited Blade Works.S02E02.コルキスの王女.WEBRip.Netflix.ja[cc].srt | Fate／stay night： Unlimited Blade Works.S02E10.冬の日、遠い家路.WEBRip.Netflix.ja[cc].srt | Fate／stay night： Unlimited Blade Works.S02E07.理想の末路 (こたえ).WEBRip.Netflix.ja[cc].srt,
163329,Tokyo Revengers: Tenjiku-hen,Erai-raws,possible_gave_up,0.520,starts near beginning and stops well before merged end,13,13,13,25,1,13,1,50,13,1-13,[Erai-raws] Tokyo Revengers - Tenjiku Hen - 13 [720p][F047F129].ass | [Erai-raws] Tokyo Revengers - Tenjiku Hen - 02 [720p][683BC64E].ass | [Erai-raws] Tokyo Revengers - Tenjiku Hen - 11 [720p][C667FE8F].ass,
339,serial experiments lain,Fixed For MPV,possible_gave_up,0.538,starts near beginning and stops well before merged end,7,7,7,13,1,7,1,13,7,1-7,[Fixed For MPV] Serial Experiments Lain 04 (Bad transcription).srt | [Fixed For MPV] Serial Experiments Lain 06 (Bad transcription).srt | [Fixed For MPV] Serial Experiments Lain 01 [v3] (Bad transcription).srt,
100179,Tada-kun wa Koi wo Shinai,HorribleSubs,possible_gave_up,0.538,starts near beginning and stops well before merged end,7,7,7,13,1,7,1,13,7,1-7,[HorribleSubs] Tada-kun wa Koi wo Shinai - 03 [720p].ass | [HorribleSubs] Tada-kun wa Koi wo Shinai - 04 [720p].ass | [HorribleSubs] Tada-kun wa Koi wo Shinai - 05 [720p].ass,
184997,Shabake,shincaps,possible_gave_up,0.538,starts near beginning and stops well before merged end,14,14,7,13,1,10,1,13,5,"1-5, 7, 10",[shincaps] Shabake - 04 (AT-X 1440x1080 MPEG2 AAC).srt | [shincaps] Shabake - 04 (AT-X 1440x1080 MPEG2 AAC).ass | [shincaps] Shabake - 05 (AT-X 1440x1080 MPEG2 AAC).ass,
20789,Nanatsu no Taizai,Leopard-Raws,possible_gave_up,0.542,starts near beginning and stops well before merged end,13,13,13,24,1,13,1,24,13,1-13,[Leopard-Raws] Nanatsu no Taizai - The Seven Deadly Sins - 03 RAW (TBS 1280x720 x264 AAC).srt | [Leopard-Raws] Nanatsu no Taizai - The Seven Deadly Sins - 05 RAW (TBS 1280x720 x264 AAC).srt | [Leopard-Raws] Nanatsu no Taizai - The Seven Deadly Sins - 12 RAW (TBS 1280x720 x264 AAC).srt,
166531,[Oshi no Ko] 2nd Season,NanakoRaws,possible_gave_up,0.542,starts near beginning and stops well before merged end,24,24,13,24,1,13,1,24,13,1-13,[NanakoRaws] Oshi no Ko S2 - 09 (MX 1920x1080 x264 AAC).srt | [NanakoRaws] Oshi no Ko S2 - 03 (AT-X 1920x1080 x265 AAC).ass | [NanakoRaws] Oshi no Ko S2 - 06 (AT-X 1920x1080 x265 AAC).srt,
166531,[Oshi no Ko] 2nd Season,DB,possible_gave_up,0.542,starts near beginning and stops well before merged end,13,13,13,24,1,13,1,24,13,1-13,[DB]Oshi no Ko 2nd Season - 06 (Dual Audio 10bit 1080p x265).srt | [DB]Oshi no Ko 2nd Season - 05 (Dual Audio 10bit 1080p x265).srt | [DB]Oshi no Ko 2nd Season - 08 (Dual Audio 10bit 1080p x265).srt,
110355,Golden Kamuy 3rd Season,Judas,possible_gave_up,0.545,starts near beginning and stops well before merged end,12,12,12,22,1,12,1,36,12,1-12,[Judas] Golden Kamuy - S03E10 [BD 1080p][HEVC x265 10bit].srt | [Judas] Golden Kamuy - S03E02 [BD 1080p][HEVC x265 10bit].srt | [Judas] Golden Kamuy - S03E07 [BD 1080p][HEVC x265 10bit].srt,
176292,Nanatsu no Taizai: Mokushiroku no Yonkishi 2nd Season,Erai-raws,possible_gave_up,0.545,starts near beginning and stops well before merged end,12,12,12,22,1,12,1,34,12,1-12,[Erai-raws] Nanatsu no Taizai - Mokushiroku no Yonkishi S2 - 03 (NF) [1080p][JPN][B28D9084].ass | [Erai-raws] Nanatsu no Taizai - Mokushiroku no Yonkishi S2 - 06 (NF) [1080p][JPN][6C65BE60].ass | [Erai-raws] Nanatsu no Taizai - Mokushiroku no Yonkishi S2 - 08 (NF) [1080p][JPN][5D5AEA6E].ass,
147105,Tongari Boushi no Atelier,Haruhana,possible_gave_up,0.545,starts near beginning and stops well before merged end,12,12,6,11,1,6,1,11,6,1-6,"[Haruhana] Tongari Boushi no Atelier - 02 [WebRip][HEVC-10bit 1080p][JPN].ass | [Haruhana] Tongari Boushi no Atelier - 04 [WebRip][HEVC-10bit 1080p][CHS, JPN].ass | [Haruhana] Tongari Boushi no Atelier - 04 [WebRip][HEVC-10bit 1080p][JPN].ass",
190143,Shunkashuutou Daikousha: Haru no Mai,Haruhana,possible_gave_up,0.545,starts near beginning and stops well before merged end,11,11,6,11,1,6,1,11,6,1-6,[Haruhana] Shunkashuutou Daikousha - Haru no Mai - 05 [WebRip][HEVC-10bit 1080p][JPN].ass | [Haruhana] Shunkashuutou Daikousha - Haru no Mai - 01 [WebRip][HEVC-10bit 1080p][JPN].ass | [Haruhana] Shunkashuutou Daikousha - Haru no Mai - 06 [WebRip][HEVC-10bit 1080p][JPN].ass,
182578,Yozakura-san Chi no Daisakusen 2nd Season,shincaps,possible_gave_up,0.556,starts near beginning and stops well before merged end,10,10,5,9,1,6,1,9,3,"1-3, 5-6",[shincaps] Yozakura-san Chi no Daisakusen 2nd Season - 01 (BS-NTV 1440x1080 MPEG2 AAC).srt | [shincaps] Yozakura-san Chi no Daisakusen 2nd Season - 02 (BS-NTV 1440x1080 MPEG2 AAC).srt | [shincaps] Yozakura-san Chi no Daisakusen 2nd Season - 06 (BS-NTV 1440x1080 MPEG2 AAC).ass,
20732,Hoozuki no Reitetsu OVA,Kamigami,possible_gave_up,0.571,starts near beginning and stops well before merged end,4,4,4,7,1,4,1,16,4,1-4,[Kamigami] Hoozuki no Reitetsu - OAD 03 [DVD 576p x264 AAC][JPN].ass | [Kamigami] Hoozuki no Reitetsu - OAD 02 [DVD 576p x264 AAC][JPN].ass | [Kamigami] Hoozuki no Reitetsu - OAD 01 [1024x576 x264 AAC][JPN].ass,
20447,Noragami,Kamigami,possible_gave_up,0.583,starts near beginning and stops well before merged end,7,7,7,12,1,7,1,12,7,1-7,"[Kamigami] Noragami - 04 [1280x720 x264 AAC][CHT, JPN].ass | [Kamigami] Noragami - 07 [1280x720 x264 AAC][CHT, JPN].ass | [Kamigami] Noragami - 05 [1280x720 x264 AAC][CHT, JPN].ass",
21701,Kuzu no Honkai,HorribleSubs,possible_gave_up,0.583,starts near beginning and stops well before merged end,8,7,7,12,1,8,1,12,4,"1-4, 6-8",[HorribleSubs] Kuzu no Honkai - 06 [720p].srt | [HorribleSubs] Kuzu no Honkai - 07 [720p].srt | [HorribleSubs] Kuzu no Honkai - 03 [720p].srt,[HorribleSubs] Kuzu no Honkai - 05v2 [720p].srt
130588,"Maou Gakuin no Futekigousha: Shijou Saikyou no Maou no Shiso, Tensei shite Shison-tachi no Gakkou e Kayou II",NanakoRaws,possible_gave_up,0.583,starts near beginning and stops well before merged end,14,12,7,12,2,8,1,12,7,2-8,[NanakoRaws] Maou Gakuin no Futekigousha II - 02 (1080p).srt | [NanakoRaws] Maou Gakuin no Futekigousha II - 05 (1080p).srt | [NanakoRaws] Maou Gakuin no Futekigousha II - 06 (1080p).ass,[NanakoRaws] Maou Gakuin no Futekigousha II - 01v2 (1080p).ass | [NanakoRaws] Maou Gakuin no Futekigousha II - 01v2 (1080p).srt
146953,Masamune-kun no Revenge R,NanakoRaws,possible_gave_up,0.583,starts near beginning and stops well before merged end,13,13,7,12,1,8,1,12,6,"1-6, 8",[NanakoRaws] Masamune-kun no Revenge R - 06 (1080p).ass | [NanakoRaws] Masamune-kun no Revenge R - 04 (1080p).ass | [NanakoRaws] Masamune-kun no Revenge R - 06 (1080p).srt,
153360,Jidou Hanbaiki ni Umarekawatta Ore wa Meikyuu wo Samayou,NanakoRaws,possible_gave_up,0.583,starts near beginning and stops well before merged end,14,14,7,12,1,7,1,12,7,1-7,[NanakoRaws] Jihanki - 03 (1080p).srt | [NanakoRaws] Jihanki - 05 (1080p).ass | [NanakoRaws] Jihanki - 04 (1080p).ass,
155502,Love Live! Superstar!! 3rd Season,Nekomoe kissaten&LoliHouse,possible_gave_up,0.583,starts near beginning and stops well before merged end,14,14,7,12,1,7,1,12,7,1-7,"[Nekomoe kissaten&LoliHouse] Love Live! Superstar!! S3 - 05 [WebRip][JPN].ass | [Nekomoe kissaten&LoliHouse] Love Live! Superstar!! S3 - 01 [WebRip][JPN].ass | [Nekomoe kissaten&LoliHouse] Love Live! Superstar!! S3 - 03 [WebRip][CHS, JPN].ass",
162921,Sousei no Aquarion: Myth of Emotions,JPTV+,possible_gave_up,0.583,starts near beginning and stops well before merged end,14,14,7,12,1,7,1,12,7,1-7,[JPTV+] 想星のアクエリオン Myth of Emotions - 07 (AT-X).srt | [JPTV+] 想星のアクエリオン Myth of Emotions - 06 (AT-X).srt | [JPTV+] 想星のアクエリオン Myth of Emotions - 02 (AT-X).ass,
170650,Kisaki Kyouiku kara Nigetai Watashi,JPTV+,possible_gave_up,0.583,starts near beginning and stops well before merged end,14,14,7,12,1,7,1,12,7,1-7,[JPTV+] 妃教育から逃げたい私 - 06 (AT-X).srt | [JPTV+] 妃教育から逃げたい私 - 02 (AT-X).srt | [JPTV+] 妃教育から逃げたい私 - 06 (AT-X).ass,
172453,Akuyaku Reijou Tensei Oji-san,JPTV+,possible_gave_up,0.583,starts near beginning and stops well before merged end,18,18,7,12,1,7,1,12,7,1-7,[JPTV+] 悪役令嬢転生おじさん - 04 (AT-X).srt | [JPTV+] 悪役令嬢転生おじさん - 01 (AT-X).ass | [JPTV+] 悪役令嬢転生おじさん - 07 (AT-X).ass,
176063,"Botsuraku Yotei no Kizoku dakedo, Hima Datta kara Mahou wo Kiwamete mita",JPTV+,possible_gave_up,0.583,starts near beginning and stops well before merged end,14,14,7,12,1,7,1,12,7,1-7,[JPTV+] 没落予定の貴族だけど、暇だったから魔法を極めてみた - 03 (AT-X).srt | [JPTV+] 没落予定の貴族だけど、暇だったから魔法を極めてみた - 05 (AT-X).srt | [JPTV+] 没落予定の貴族だけど、暇だったから魔法を極めてみた - 02 (AT-X).ass,
176158,"S-Rank Monster no ""Behemoth"" Dakedo, Neko to Machigawarete Elf Musume no Pet to Shite Kurashitemasu",JPTV+,possible_gave_up,0.583,starts near beginning and stops well before merged end,14,14,7,12,1,7,1,12,7,1-7,[JPTV+] Sランクモンスターの《ベヒーモス》だけど、猫と間違われて - 06 (AT-X).ass | [JPTV+] Sランクモンスターの《ベヒーモス》だけど、猫と間違われて - 01 (AT-X).srt | [JPTV+] Sランクモンスターの《ベヒーモス》だけど、猫と間違われて - 01 (AT-X).ass,
177120,Ninja to Koroshiya no Futarigurashi,Nekomoe kissaten&LoliHouse,possible_gave_up,0.583,starts near beginning and stops well before merged end,16,14,7,12,2,8,1,12,7,2-8,"[Nekomoe kissaten&LoliHouse] Ninja to Koroshiya no Futarigurashi - 03 [WebRip][CHS, JPN].ass | [Nekomoe kissaten&LoliHouse] Ninja to Koroshiya no Futarigurashi - 06 [WebRip][CHS, JPN].ass | [Nekomoe kissaten&LoliHouse] Ninja to Koroshiya no Futarigurashi - 08 [WebRip 1080p HEVC-10bit AAC ASSx2][JPN].ass","[Nekomoe kissaten&LoliHouse] Ninja to Koroshiya no Futarigurashi - 01v2 [WebRip][CHS, JPN].ass | [Nekomoe kissaten&LoliHouse] Ninja to Koroshiya no Futarigurashi - 01v2 [WebRip][JPN].ass"
178022,"Hana wa Saku, Shura no Gotoku",JPTV+,possible_gave_up,0.583,starts near beginning and stops well before merged end,14,14,7,12,1,7,1,12,7,1-7,[JPTV+] 花は咲く、修羅の如く - 03 (AT-X).ass | [JPTV+] 花は咲く、修羅の如く - 06 (AT-X).ass | [JPTV+] 花は咲く、修羅の如く - 02 (AT-X).ass,
178495,Tasokare Hotel,JPTV+,possible_gave_up,0.583,starts near beginning and stops well before merged end,14,14,7,12,1,7,1,12,7,1-7,[JPTV+] 誰ソ彼ホテル - 05 (AT-X).srt | [JPTV+] 誰ソ彼ホテル - 01 (AT-X).srt | [JPTV+] 誰ソ彼ホテル - 06 (AT-X).ass,
178548,Fuguushoku [Kanteishi] ga Jitsu wa Saikyou Datta: Naraku de Kitaeta Saikyou no [Shingan] de Musou Suru,JPTV+,possible_gave_up,0.583,starts near beginning and stops well before merged end,14,14,7,12,1,7,1,12,7,1-7,[JPTV+] 不遇職【鑑定士】が実は最強だった - 05 (AT-X).ass | [JPTV+] 不遇職【鑑定士】が実は最強だった - 01 (AT-X).ass | [JPTV+] 不遇職【鑑定士】が実は最強だった - 07 (AT-X).srt,
179297,Magic Maker: Isekai Mahou no Tsukurikata,JPTV+,possible_gave_up,0.583,starts near beginning and stops well before merged end,14,14,7,12,1,7,1,12,7,1-7,[JPTV+] マジック・メイカー ～異世界魔法の作り方～ - 07 (AT-X).ass | [JPTV+] マジック・メイカー ～異世界魔法の作り方～ - 01 (AT-X).ass | [JPTV+] マジック・メイカー ～異世界魔法の作り方～ - 03 (AT-X).ass,
180052,Sentai Red Isekai de Boukensha ni Naru,JPTV+,possible_gave_up,0.583,starts near beginning and stops well before merged end,14,14,7,12,1,7,1,12,7,1-7,[JPTV+] 戦隊レッド 異世界で冒険者になる - 03 (AT-X).srt | [JPTV+] 戦隊レッド 異世界で冒険者になる - 02 (AT-X).ass | [JPTV+] 戦隊レッド 異世界で冒険者になる - 04 (AT-X).ass,
527,Pocket Monsters,(no leading group),possible_gave_up,0.588,starts near beginning and stops well before merged end,275,275,161,274,1,161,1,276,161,1-161,ポケットモンスター.S01E052.第052話.げきとう！ポケモンひなまつり.WEBRip.Amazon.ja-jp[sdh].srt | ポケットモンスター.S02E039.第157話.リングマでドッキリ！.WEBRip.Amazon.ja-jp[sdh].srt | ポケットモンスター.S01E108.第108話.ひけしたいけつ！ゼニガメVSカメール.WEBRip.Amazon.ja-jp[sdh].srt,
97881,Cardcaptor Sakura: Clear Card-hen,Nekomoe kissaten&LoliHouse,possible_gave_up,0.591,starts near beginning and stops well before merged end,13,13,13,22,1,13,1,22,13,1-13,"[Nekomoe kissaten&LoliHouse] Cardcaptor Sakura Clear Card - 04 v2 [WebRip 1920x1080 HEVC-yuv420p10 AAC][CHS, JPN].ass | [Nekomoe kissaten&LoliHouse] Cardcaptor Sakura Clear Card - 13 [WebRip 1920x1080 HEVC-yuv420p10 AAC][CHS, JPN].ass | [Nekomoe kissaten&LoliHouse] Cardcaptor Sakura Clear Card - 12 [WebRip 1920x1080 HEVC-yuv420p10 AAC][CHS, JPN].ass",
97940,Black Clover,SubsPlease,possible_gave_up,0.596,starts near beginning and stops well before merged end,102,102,102,171,1,102,1,171,102,1-102,[SubsPlease] Black Clover - 096 (1080p).srt | [SubsPlease] Black Clover - 019 (1080p).srt | [SubsPlease] Black Clover - 021 (1080p).srt,
176508,Shangri-La Frontier 2nd Season,NanakoRaws,possible_gave_up,0.605,starts near beginning and stops well before merged end,46,46,23,38,1,25,1,42,20,"1, 3-4, 6-25",[NanakoRaws] Shangri-La Frontier S2 - 06 (BS4 1920x1080 x265 AAC).srt | [NanakoRaws] Shangri-La Frontier S2 - 10 (WEB-DL 1920x1080 x264 AAC).ass | [NanakoRaws] Shangri-La Frontier S2 - 10 (CBC 1920x1080 x264 AAC).srt,
110349,GREAT PRETENDER,(no leading group),possible_gave_up,0.609,starts near beginning and stops well before merged end,23,23,14,23,1,14,1,23,14,1-14,Great Pretender.S02E03.WEBRip.Netflix.ja[cc].srt | Great Pretender.S01E13.WEBRip.Netflix.ja[cc].srt | Great Pretender.S01E12.WEBRip.Netflix.ja[cc].srt,
20849,GOD EATER,Kamigami,possible_gave_up,0.615,starts near beginning and stops well before merged end,9,8,8,13,1,9,1,13,4,"1-4, 6-9","[Kamigami] God Eater - 07 [1280x720 x264 AAC Sub(Chs,Cht,Jap)].ass | [Kamigami] God Eater - 09 [1280x720 x264 AAC Sub(Chs,Cht,Jap)].ass | [Kamigami] God Eater - 02 [1280x720 x264 AAC Sub(Chs,Cht,Jap)].ass","[Kamigami] God Eater - 05v2 [1280x720 x264 AAC Sub(Chs,Cht,Jap)].ass"
177159,Momentary Lily,SweetSub&LoliHouse,possible_gave_up,0.615,starts near beginning and stops well before merged end,19,16,8,13,2,10,1,13,7,"2-8, 10","[SweetSub&LoliHouse] Momentary Lily - 08 [WebRip][CHS, JPN].ass | [SweetSub&LoliHouse] Momentary Lily - 04 [WebRip][JPN].ass | [SweetSub&LoliHouse] Momentary Lily - 07 [WebRip][CHS, JPN].ass","[SweetSub&LoliHouse] Momentary Lily - 01v2 [WebRip][JPN].ass | [SweetSub&LoliHouse] Momentary Lily - 09v2 [WebRip][CHS, JPN].ass | [SweetSub&LoliHouse] Momentary Lily - 09v2 [WebRip][JPN].ass"
177159,Momentary Lily,JPTV+,possible_gave_up,0.615,starts near beginning and stops well before merged end,16,16,8,13,1,8,1,13,8,1-8,[JPTV+] もめんたりー・リリィ - 07 (AT-X).srt | [JPTV+] もめんたりー・リリィ - 01 (AT-X).srt | [JPTV+] もめんたりー・リリィ - 05 (AT-X).ass,
181444,Kaoru Hana wa Rin to Saku,Nekomoe kissaten&LoliHouse,possible_gave_up,0.615,starts near beginning and stops well before merged end,16,16,8,13,1,8,1,13,8,1-8,"[Nekomoe kissaten&LoliHouse] Kaoru Hana wa Rin to Saku - 02 [WebRip 1080p HEVC-10bit AAC ASSx2][CHS, JPN].ass | [Nekomoe kissaten&LoliHouse] Kaoru Hana wa Rin to Saku - 06 [WebRip 1080p HEVC-10bit AAC ASSx2][CHS, JPN].ass | [Nekomoe kissaten&LoliHouse] Kaoru Hana wa Rin to Saku - 07 [WebRip 1080p HEVC-10bit AAC ASSx2][CHS, JPN].ass",
149939,Ranma 1/2: Nettou-hen,(no leading group),possible_gave_up,0.621,starts near beginning and stops well before merged end,87,87,87,140,22,108,22,161,87,22-108,らんま1／2 デジタルリマスター版.S01E38.熱闘編.第20話.SOS エロ妖怪八宝斉.WEBRip.Netflix.ja[cc].srt | らんま1／2デジタルリマスター版.S02E066.熱闘編.第48話.WEBRip.Netflix.ja[cc].srt | らんま1／2デジタルリマスター版.S02E094.熱闘編.第76話.WEBRip.Netflix.ja[cc].srt,
176234,Ishura 2nd Season,Nekomoe kissaten&LoliHouse,possible_gave_up,0.632,starts near beginning and stops well before merged end,24,24,12,19,1,12,1,19,12,1-12,"[Nekomoe kissaten&LoliHouse] Ishura S2 - 11 [WebRip][CHS, JPN].ass | [Nekomoe kissaten&LoliHouse] Ishura S2 - 02 [WebRip][JPN].ass | [Nekomoe kissaten&LoliHouse] Ishura S2 - 01 [WebRip][CHS, JPN].ass",
176234,Ishura 2nd Season,NanakoRaws,possible_gave_up,0.632,starts near beginning and stops well before merged end,24,24,12,19,1,12,1,19,12,1-12,[NanakoRaws] Ishura S2 - 08 (AT-X 1920x1080 x265 AAC).srt | [NanakoRaws] Ishura S2 - 05 (AT-X 1920x1080 x265 AAC).srt | [NanakoRaws] Ishura S2 - 06 (AT-X 1920x1080 x265 AAC).srt,
176234,Ishura 2nd Season,Erai-raws,possible_gave_up,0.632,starts near beginning and stops well before merged end,12,12,12,19,1,12,1,19,12,1-12,[Erai-raws] Ishura 2nd Season - 01 [1080p][JPN][5310A782].ass | [Erai-raws] Ishura 2nd Season - 02 [1080p][JPN][63246EE0].ass | [Erai-raws] Ishura 2nd Season - 11 [1080p DSNP WEB-DL AVC AAC][JPN][E8A6F301].ass,
191967,Jigoku Sensei Nube (2025) Part 2,shincaps,possible_gave_up,0.632,starts near beginning and stops well before merged end,24,24,12,19,1,12,1,25,12,1-12,[shincaps] Jigoku Sensei Nube (2025) 2nd Cour - 07 (BS-EX 1440x1080 MPEG2 AAC).srt | [shincaps] Jigoku Sensei Nube (2025) 2nd Cour - 10 (BS-EX 1440x1080 MPEG2 AAC).srt | [shincaps] Jigoku Sensei Nube (2025) 2nd Cour - 06 (BS-EX 1440x1080 MPEG2 AAC).ass,
150672,[Oshi no Ko],(no leading group),possible_gave_up,0.636,starts near beginning and stops well before merged end,7,7,7,11,1,7,1,11,7,1-7,【推しの子】.S01E05.第5話 恋愛リアリティショー.WEBRip.Amazon.ja-jp[sdh].srt | 【推しの子】.S01E03.第3話 漫画原作ドラマ.WEBRip.Amazon.ja-jp[sdh].srt | 【推しの子】.S01E02.第2話 三つ目の選択肢.WEBRip.Amazon.ja-jp[sdh].srt,
189275,Medalist 2nd Season,Erai-raws,possible_gave_up,0.643,starts near beginning and stops well before merged end,9,9,9,14,1,9,1,18,9,1-9,[Erai-raws] Medalist 2nd Season - 05 [1080p DSNP WEB-DL AVC AAC][JPN][FA6C7069].ass | [Erai-raws] Medalist 2nd Season - 07 [1080p DSNP WEB-DL AVC AAC][JPN][370BAB0B].ass | [Erai-raws] Medalist 2nd Season - 04 [1080p DSNP WEB-DL AVC AAC][JPN][F41D2877].ass,
45,Rurouni Kenshin: Meiji Kenkaku Romantan,Dragonfox,possible_gave_up,0.649,starts near beginning and stops well before merged end,62,61,61,94,1,62,1,94,31,"1-31, 33-62",[Dragonfox] Rurouni Kenshin - 62 [640x480 h264 AC3] [118AC352].srt | [Dragonfox] Rurouni Kenshin - 31 [640x480 h264 AC3] [8B6D590E].srt | [Dragonfox] Rurouni Kenshin - 38 [640x480 h264 AC3] [4EA9E44B].srt,[Dragonfox] Rurouni Kenshin - 32v2 [640x480 h264 AC3] [D0A4C3EE].srt
1535,DEATH NOTE,LiouMing,possible_gave_up,0.649,starts near beginning and stops well before merged end,48,48,24,37,1,24,1,37,24,1-24,[LiouMing][DEATH NOTE][18][XVID 704x396].jp.ssa | [LiouMing][DEATH NOTE][21][XVID 704x396].jp.ssa | [LiouMing] Death Note - 11 [Re-Timed].ass,
1535,DEATH NOTE,zza,possible_gave_up,0.649,starts near beginning and stops well before merged end,24,24,24,37,1,24,1,37,24,1-24,[zza] Death Note - 04 [1080p.x265].ssa | [zza] Death Note - 14 [1080p.x265].ssa | [zza] Death Note - 03 [1080p.x265].ssa,
1535,DEATH NOTE,DB,possible_gave_up,0.649,starts near beginning and stops well before merged end,24,24,24,37,1,24,1,37,24,1-24,[DB]Death Note - 20 (Dual Audio 10bit BD720p x265).ass | [DB]Death Note - 06 (Dual Audio 10bit BD720p x265).ass | [DB]Death Note - 05 (Dual Audio 10bit BD720p x265).ass,
174913,Kagaku×Bouken Survival!,(no leading group),possible_gave_up,0.667,starts near beginning and stops well before merged end,28,28,14,21,1,15,1,21,13,"1-13, 15",Kagaku x Bouken Survival！ - 15 「恐竜世界のサバイバルその1」 (NHKE 1920x1080 x264 AAC).srt | Kagaku x Bouken Survival！ - 08 「新型ウイルスのサバイバルその2」 (NHKE 1920x1080 x264 AAC).srt | Kagaku x Bouken Survival！ - 03 「異常気象のサバイバルその3」 (NHKE 1920x1080 x264 AAC).srt,
101759,Yakusoku no Neverland,FLsnow,possible_gave_up,0.667,starts near beginning and stops well before merged end,8,8,8,12,1,8,1,12,8,1-8,[FLsnow][The Promised Neverland][06][BDRIP][HEVC Opusx2].ja.ass | [FLsnow][The Promised Neverland][03][BDRIP][HEVC Opusx2].ja.ass | [FLsnow][The Promised Neverland][05][BDRIP][HEVC Opusx2].ja.ass,
113418,Super Cub,XKsub,possible_gave_up,0.667,starts near beginning and stops well before merged end,8,8,8,12,1,8,1,12,8,1-8,"[XKsub] Super Cub [07][HEVC-10bit 1080p AAC][CHS, JPN].ass | [XKsub] Super Cub [04][HEVC-10bit 1080p AAC][CHS, JPN].ass | [XKsub] Super Cub [02][HEVC-10bit 1080p AAC][CHS, JPN].ass",
195734,Ichijouma Mankitsu Gurashi!,Nekomoe kissaten&LoliHouse,possible_gave_up,0.667,starts near beginning and stops well before merged end,12,12,6,9,1,6,1,9,6,1-6,"[Nekomoe kissaten&LoliHouse] Ichijyoma Mankitsu Gurashi! - 04 [WebRip 1080p HEVC-10bit AAC ASSx2][JPN].ass | [Nekomoe kissaten&LoliHouse] Ichijyoma Mankitsu Gurashi! - 03 [WebRip 1080p HEVC-10bit AAC ASSx2][CHS, JPN].ass | [Nekomoe kissaten&LoliHouse] Ichijyoma Mankitsu Gurashi! - 05 [WebRip 1080p HEVC-10bit AAC ASSx2][JPN].ass",
165159,BEYBLADE X,(no leading group),possible_gave_up,0.673,starts near beginning and stops well before merged end,124,122,66,98,1,67,1,100,59,"1-59, 61-67",BEYBLADE X - 32 「新しい相棒」 (TVA 1920x1080 x264 AAC).srt | BEYBLADE X - 40 「もうひとつの仮面」 (TX 1920x1080 x264 AAC).srt | BEYBLADE X - 30 「ナゾとモテ」 (TX 1920x1080 x264 AAC).ass,BEYBLADE X - 新章スタート記念！新装開店ベイブレ寿司でゴーシュート！ (TX 1920x1080 x264 AAC).srt | BEYBLADE X - 新章スタート記念！新装開店ベイブレ寿司でゴーシュート！ (TX 1920x1080 x264 AAC).ass
20665,Shigatsu wa Kimi no Uso,Commie,possible_gave_up,0.682,starts near beginning and stops well before merged end,15,15,15,22,1,15,1,22,15,1-15,[Commie] Shigatsu wa Kimi no Uso - 03 [D4D45A04].ass | [Commie] Shigatsu wa Kimi no Uso - 08 [099AA2CA].ass | [Commie] Shigatsu wa Kimi no Uso - 14 [130EF5BA].srt,
151806,Tomo-chan wa Onnanoko!,Erai-raws,possible_gave_up,0.692,starts near beginning and stops well before merged end,9,9,9,13,1,9,1,13,9,1-9,[Erai-raws] Tomo-chan wa Onnanoko! - 08 [1080p][Multiple Subtitle][B1BC3C3B].ja.srt | [Erai-raws] Tomo-chan wa Onnanoko! - 04 [1080p][Multiple Subtitle][39362D82].srt | [Erai-raws] Tomo-chan wa Onnanoko! - 05 [1080p][Multiple Subtitle][6AEB0DC8].srt,
114099,Dragon Quest: Dai no Daibouken (2020),BD Synced,possible_gave_up,0.700,starts near beginning and stops well before merged end,70,70,70,100,1,70,1,100,70,1-70,[BD Synced] ドラゴンクエスト ダイの大冒険 068.srt | [BD Synced] ドラゴンクエスト ダイの大冒険 011.srt | [BD Synced] ドラゴンクエスト ダイの大冒険 061.srt,
172019,Dr. STONE: SCIENCE FUTURE,(no leading group),possible_gave_up,0.706,starts near beginning and stops well before merged end,24,24,12,17,1,12,1,30,12,1-12,Dr.STONE.S04E03.第03話.暗闇の誘蛾灯.WEBRip.Amazon.ja-jp[sdh].srt | Dr.STONE.S04E06.SCIENCE.IS.ELEGANT.WEBRip.Netflix.ja[cc].srt | Dr.STONE.S04E12.再会.WEBRip.Netflix.ja[cc].srt,
181886,Kinnikuman: Kanpeki Choujin Shiso-hen Season 2,NanakoRaws,possible_gave_up,0.714,starts near beginning and stops well before merged end,24,23,10,14,1,11,1,15,8,"1-8, 10-11",[NanakoRaws] Kinnikuman Kanpeki Chоujin Shiso-hen S2 - 10v2 (TBS 1920x1080 x265 AAC).srt | [NanakoRaws] Kinnikuman Kanpeki Chоujin Shiso-hen S2 - 01 (CBC 1920x1080 x265 AAC).srt | [NanakoRaws] Kinnikuman Kanpeki Chоujin Shiso-hen S2 - 05 (TBS 1920x1080 x265 AAC).srt,[NanakoRaws] Kinnikuman Kanpeki Chоujin Shiso-hen S2 - 10v2 (TBS 1920x1080 x265 AAC).srt
1915,Mahou Shoujo Lyrical Nanoha StrikerS,shincaps,possible_gave_up,0.731,starts near beginning and stops well before merged end,38,38,19,26,1,19,1,26,19,1-19,[shincaps] Mahou Shoujo Lyrical Nanoha StrikerS - 19 (BS-Shochiku Tokyu 1440x1080 MPEG2 AAC).ass | [shincaps] Mahou Shoujo Lyrical Nanoha StrikerS - 09 (BS-Shochiku Tokyu 1440x1080 MPEG2 AAC).ass | [shincaps] Mahou Shoujo Lyrical Nanoha StrikerS - 17 (BS-Shochiku Tokyu 1440x1080 MPEG2 AAC).srt,
154768,Sono Bisque Doll wa Koi wo Suru Season 2,NanakoRaws,possible_gave_up,0.733,starts near beginning and stops well before merged end,24,22,11,15,2,12,1,15,11,2-12,[NanakoRaws] Sono Bisque Doll wa Koi wo Suru S2 - 08 (AT-X 1920x1080 x265 AAC).srt | [NanakoRaws] Sono Bisque Doll wa Koi wo Suru S2 - 02 (AT-X 1920x1080 x265 AAC).ass | [NanakoRaws] Sono Bisque Doll wa Koi wo Suru S2 - 03 (AT-X 1920x1080 x265 AAC).ass,[NanakoRaws] Sono Bisque Doll wa Koi wo Suru S2 - 01v2 (AT-X 1920x1080 x265 AAC).srt | [NanakoRaws] Sono Bisque Doll wa Koi wo Suru S2 - 01v2 (AT-X 1920x1080 x265 AAC).ass
100876,Kakegurui ××,Erai-raws,possible_gave_up,0.750,starts near beginning and stops well before merged end,9,9,9,12,1,9,1,12,9,1-9,[Erai-raws] Kakegurui 2nd Season - 08 [720p].ass | [Erai-raws] Kakegurui 2nd Season - 01 [720p].ass | [Erai-raws] Kakegurui 2nd Season - 09 [720p].ass,
126830,Code Geass: Dakkan no Rozé,(no leading group),possible_gave_up,0.750,starts near beginning and stops well before merged end,9,9,9,12,1,9,1,12,9,1-9,Code.Geass.Roze.of.the.Recapture.S01E02.1080p.DSNP.WEB-DL.DDP5.1.H.264-NanDesuKa.srt | Code.Geass.Roze.of.the.Recapture.S01E01.1080p.DSNP.WEB-DL.DDP5.1.H.264-NanDesuKa.srt | Code.Geass.Roze.of.the.Recapture.S01E07.1080p.DSNP.WEB-DL.DDP5.1.H.264-NanDesuKa.srt,
177120,Ninja to Koroshiya no Futarigurashi,KitaujiSub,possible_gave_up,0.750,starts near beginning and stops well before merged end,18,18,9,12,1,9,1,12,9,1-9,"[KitaujiSub] Ninja to Koroshiya no Futarigurashi [02][WebRip][JPN].ass | [KitaujiSub] Ninja to Koroshiya no Futarigurashi [08][WebRip][CHS, JPN].ass | [KitaujiSub] Ninja to Koroshiya no Futarigurashi [06][WebRip][JPN].ass",
169441,Watashi no Shiawase na Kekkon 2nd Season,Nekomoe kissaten&LoliHouse,possible_gave_up,0.765,starts near beginning and stops well before merged end,26,26,13,17,1,13,1,18,13,1-13,"[Nekomoe kissaten&LoliHouse] Watashi no Shiawase na Kekkon S2 - 03 [WebRip][JPN].ass | [Nekomoe kissaten&LoliHouse] Watashi no Shiawase na Kekkon S2 - 01 [WebRip][CHS, JPN].ass | [Nekomoe kissaten&LoliHouse] Watashi no Shiawase na Kekkon S2 - 05 [WebRip][CHS, JPN].ass",
169441,Watashi no Shiawase na Kekkon 2nd Season,Erai-raws,possible_gave_up,0.765,starts near beginning and stops well before merged end,13,13,13,17,1,13,1,18,13,1-13,[Erai-raws] Watashi no Shiawase na Kekkon 2nd Season - 01 [1080p][JPN][6C28F8CE].ass | [Erai-raws] Watashi no Shiawase na Kekkon 2nd Season - 04 [1080p][JPN][4A4C6C4B].ass | [Erai-raws] Watashi no Shiawase na Kekkon 2nd Season - 11 [1080p NF WEB-DL AVC AAC][JPN][E538C341].ass,
169441,Watashi no Shiawase na Kekkon 2nd Season,NanakoRaws,possible_gave_up,0.765,starts near beginning and stops well before merged end,26,26,13,17,1,13,1,18,13,1-13,[NanakoRaws] Watashi no Shiawase na Kekkon S2 - 12 (AT-X 1920x1080 x265 AAC).ass | [NanakoRaws] Watashi no Shiawase na Kekkon S2 - 01 (AT-X 1920x1080 x265 AAC).ass | [NanakoRaws] Watashi no Shiawase na Kekkon S2 - 06 (AT-X 1920x1080 x265 AAC).srt,
168139,Rekishi ni Nokoru Akujo ni Naruzo,(no leading group),possible_gave_up,0.769,starts near beginning and stops well before merged end,20,20,10,13,1,10,1,13,10,1-10,Rekishi ni Nokoru Akujo ni Naru zo - 09 「悪女と顎クイ」 (AT-X 1280x720 x264 AAC).srt | Rekishi ni Nokoru Akujo ni Naru zo - 03 「悪女と不法侵入」 (AT-X 1280x720 x264 AAC).srt | Rekishi ni Nokoru Akujo ni Naru zo - 09 「悪女と顎クイ」 (AT-X 1280x720 x264 AAC).ass,
169295,BanG Dream! Ave Mujica,KitaujiSub,possible_gave_up,0.769,starts near beginning and stops well before merged end,20,20,10,13,1,10,1,13,10,1-10,"[KitaujiSub] BanG Dream! Ave Mujica [07][WebRip][CHS, JPN].ass | [KitaujiSub] BanG Dream! Ave Mujica [01][WebRip][JPN].ass | [KitaujiSub] BanG Dream! Ave Mujica [05][WebRip][CHS, JPN].ass",
180516,Uma Musume: Cinderella Gray,KitaujiSub,possible_gave_up,0.769,starts near beginning and stops well before merged end,20,20,10,13,1,10,1,13,10,1-10,"[KitaujiSub] Uma Musume Cinderella Gray [09][WebRip][CHS, JPN].ass | [KitaujiSub] Uma Musume Cinderella Gray [08][WebRip][CHS, JPN].ass | [KitaujiSub] Uma Musume Cinderella Gray [04][WebRip][JPN].ass",
99727,Hakyuu Houshin Engi,kamigami,possible_gave_up,0.783,starts near beginning and stops well before merged end,19,19,18,23,1,20,1,23,9,"1-9, 11-17, 19-20",[kamigami] Hakyuu Houshin Engi - 15 [1080p x265 Ma10p AAC].ass | [kamigami] Hakyuu Houshin Engi - 11 [1080p x265 Ma10p AAC][JPN].ass | [kamigami] Hakyuu Houshin Engi - 13 [1080p x265 Ma10p AAC][JPN].ass,
181886,Kinnikuman: Kanpeki Choujin Shiso-hen Season 2,Erai-raws,possible_gave_up,0.786,starts near beginning and stops well before merged end,11,11,11,14,1,11,1,15,11,1-11,[Erai-raws] Kinnikuman - Perfect Origin Hen S2 - 06 [1080p NF WEB-DL AVC AAC][JPN][026DFD39].ass | [Erai-raws] Kinnikuman - Perfect Origin Hen S2 - 11 [1080p NF WEB-DL AVC AAC][JPN][22FF81A8].ass | [Erai-raws] Kinnikuman - Perfect Origin Hen S2 - 09 [1080p NF WEB-DL AVC AAC][JPN][FDD67843].ass,
154768,Sono Bisque Doll wa Koi wo Suru Season 2,(no leading group),possible_gave_up,0.800,starts near beginning and stops well before merged end,24,24,12,15,1,12,1,15,12,1-12,その着せ替え人形は恋をする.S02E11.自分の人生には良い事なんて起こらないと思ってた.WEBRip.Amazon.ja-jp[sdh].srt | その着せ替え人形は恋をする.S02E07.思い出刻むぜ!.WEBRip.Netflix.ja[cc].srt | その着せ替え人形は恋をする.S02E09. 21.俺.今夜寝るつもりないので.WEBRip.Amazon.ja-jp[sdh].srt,
171080,Himitsu no AiPri,(no leading group),possible_gave_up,0.804,starts near beginning and stops well before merged end,82,82,41,51,1,43,1,51,38,"1-38, 41-43",Himitsu no AiPri - 33 「波乱のアイプリグランプリ」 (TX 1920x1080 x264 AAC).ass | Himitsu no AiPri - 07 「ヴィクトリアのひみつ」 (TX 1920x1080 x264 AAC).ass | Himitsu no AiPri - 22 「はしれ！あの子の初恋」 (TVA 1920x1080 x264 AAC).ass,
210,Ranma 1/2,sxales,possible_gave_up,0.857,starts near beginning and stops well before merged end,18,18,18,21,1,18,1,21,18,1-18,"[sxales] Ranma ｫ - 007 (BDRip 1444x1080p x265 HEVC FLAC,AAC 2.0x2)(Dual Audio).jpn.srt | [sxales] Ranma ｫ - 018 (BDRip 1444x1080p x265 HEVC FLAC,AAC 2.0x2)(Dual Audio).jpn.srt | [sxales] Ranma ｫ - 001 (BDRip 1444x1080p x265 HEVC FLAC,AAC 2.0x2)(Dual Audio).jpn.srt",
